8,담양금성산성 오토캠핑장,CAMPING,전남 담양군 금성면 새덕굴길 135-88,35.3677151,127.0344808,100197.0
12,정남진 해양 낚시공원,HOSTEL,전남 장흥군 회진면 대리 115-2,34.4702624,126.9769258,58139.0
5,깊은내 펜션,PENSION,전남 장흥군 부산면 지천리 260,34.7521973,126.8969141,115041.0
1,억불산 민박,PENSION,전남 장흥군 장흥읍 우산리 120-1,34.6707815,126.9255316,55665.0
1,다예촌 민박체험학습장,PENSION,전남 장흥군 안양면 기산리 21,34.6749284,126.9562539,134833.0
4,흙집세상,PENSION,전남 장흥군 장흥읍 우산리 426,34.6689928,126.9222875,38347.0
4,하늘공원,PENSION,전남 장흥군 유치면 운월리 468-9,34.8370071,126.8618416,50717.0
2,둘레길펜션텔,MOTEL,전남 장흥군 장흥읍 평화리 113,34.6657932,126.916638,49480.0
11,솔 무인텔,MOTEL,전남 장흥군 장흥읍 덕제리 614,34.6399709,126.8896543,139781.0
7,궁 무인텔,MOTEL,전남 장흥군 장흥읍 덕제리 224,34.6514529,126.8893627,49480.0
4,스위스 모텔(무인텔),MOTEL,전남 장흥군 장흥읍 건산리 390,34.6788723,126.9152908,90301.0
8,전망좋은창,PENSION,전남 고흥군 영남면 남열리 1232-1,34.5769365,127.4748152,127411.0
2,팔영산장,PENSION,전남 고흥군 점암면 사정리 326,34.6688147,127.3833335,44532.0
3,공항민박,PENSION,전남 여수시 소라면 대포리 319-4,34.8346613,127.6096154,50717.0
9,숲속의 집,PENSION,전남 여수시 소라면 현천리 324-1,34.7680132,127.6130322,103908.0
12,청수장,PENSION,전남 신안군 암태면 기동리 1837,34.8304432,126.1139543,44532.0
5,수성민박,PENSION,전남 신안군 장산면 도창리,34.6505942,126.1555963,69272.0
6,희망민박,PENSION,전남 신안군 신의면 상태동리 126-4,34.596025,126.1019733,145966.0
6,덕봉정민박,PENSION,전남 신안군 하의면 대리 254,34.6162002,126.023633,44532.0
1,흑산가족비치호텔,PENSION,전남 신안군 흑산면 진리 31-1,34.684668,125.4321733,96486.0
1,개천장,PENSION,전남 신안군 흑산면 예리 180,34.6705807,125.4304708,77931.0
3,엔젤펜션,PENSION,전남 신안군 비금면 지당리 144-1,34.7861975,125.9603652,72983.0
7,대궐황토방,PENSION,전남 신안군 비금면 도고리 478,34.7781763,125.9715865,97723.0
3,명가한옥펜션,PENSION,전남 신안군 비금면 지당리,34.7725796,125.9563407,91538.0
10,정숙펜션형민박,PENSION,전남 신안군 자은면 구영리,34.8886308,126.0319694,117515.0
10,둔장어촌체험마을,PENSION,전남 신안군 자은면 한운리,33.9553008,125.0314312,33399.0
12,대성모텔,PENSION,전남 신안군 자은면 구영리 386-2,34.8843286,126.0469515,84116.0
2,털보네모텔,MOTEL,전남 신안군 임자면 대기리 2523-14,35.1025487,126.0733422,68035.0
5,에벤에셀펜션,PENSION,전남 신안군 증도면 대초리 1852-2,34.9448945,126.1647213,79168.0
12,비타민펜션,PENSION,전남 신안군 증도면 우전리 217-1,34.9618148,126.1358876,136070.0
5,해우촌,PENSION,전남 신안군 증도면 방축리 414-3,35.0007937,126.1264715,108856.0
12,홀리데이펜션,PENSION,전남 신안군 증도면 우전리 216-1,34.9618398,126.136071,110093.0
12,블루마레펜션,PENSION,전남 신안군 증도면 방축리 414-1,35.0004881,126.1265132,117515.0
7,신데렐라펜션,MOTEL,전남 신안군 압해읍 복룡리 1226,34.8829328,126.3245772,66798.0
2,블루펜션,MOTEL,전남 신안군 압해읍 복룡리 147,34.9079911,126.3373342,127411.0
1,바닷가민박,PENSION,전남 신안군 지도읍 내양리 가정,35.0613066,126.207564,44532.0
12,향일암 전망대 펜션,PENSION,전남 여수시 돌산읍 율림리 490-12,34.6091624,127.7893988,28451.0
2,우실 바다펜션,PENSION,전남 여수시 남면 우학리 159-1,34.5111704,127.7697818,144729.0
12,미하스빌 펜션,PENSION,전남 여수시 돌산읍 평사리 산 10-6,34.6603844,127.7950979,122463.0
7,머그네펜션,PENSION,전남 여수시 화양면 이천리 136,34.7392134,127.5894818,89064.0
5,들꽃마을펜션,PENSION,전남 여수시 돌산읍 평사리 333-2,34.668639,127.7822683,27214.0
6,숲속애펜션,PENSION,전남 여수시 돌산읍 율림리 513-1번지,34.6148033,127.7859073,56902.0
8,사도 식당 민박,PENSION,전남 여수시 화정면 낭도리 138,34.591313,127.555572,142255.0
3,바다펜션 민박,PENSION,전남 여수시 남면 안도리 791,34.4894452,127.8052928,48243.0
12,마전민박,PENSION,전남 여수시 소라면 대포리 332-19,34.8327698,127.6099736,29688.0
10,들녘펜션,PENSION,전남 여수시 화양면 나진리 649,34.7072977,127.6108691,127411.0
2,들꽃 민박,PENSION,전남 여수시 돌산읍 둔전리 1213-4,34.65677,127.7663782,137307.0
4,동원바다펜션,PENSION,전남 여수시 돌산읍 율림리 538,34.6213526,127.7896681,117515.0
2,도실흙집,PENSION,전남 여수시 돌산읍 평사리 724-2,34.672244,127.7622089,28451.0
1,노을과 바다펜션,PENSION,전남 여수시 화양면 이목리 517-2번지,34.6521258,127.5655372,70509.0
8,나무에 걸린 바다 펜션,PENSION,전남 여수시 돌산읍 금성리 796번지,34.5964525,127.7615874,72983.0
10,끌리오팬션,PENSION,전남 여수시 돌산읍 군내리 181,34.616564,127.7308038,65561.0
12,강동민박,PENSION,전남 여수시 삼산면 거문리 111-28번지,34.0250662,127.3106418,110093.0
8,MJ모텔,MOTEL,전남 여수시 문수동  190-4,34.75071,127.7003498,95249.0
9,폴링인블루펜션,PENSION,전남 여수시 돌산읍 평사리 338-5,34.6686223,127.7810823,101434.0
9,자연담은,PENSION,전남 여수시 돌산읍 평사리 1385-6,34.6984161,127.762956,53191.0
4,무지개펜션,PENSION,전남 여수시 화양면 이천리 200-17,34.7500926,127.5855597,87827.0
5,챠밍홈사랑채,PENSION,전남 여수시 돌산읍 둔전리 1368-1번지,34.6512325,127.7617925,75457.0
2,노블레스호텔,HOTEL,전남 순천시 조례동 1590-7,34.9547697,127.525855,70509.0
9,엑스포 글램핑장,CAMPING,전남 여수시 수정동,34.7521907,127.7464985,142255.0
8,꽃섬민박,PENSION,전남 여수시 화정면 하화리 242,34.5945103,127.6203607,126174.0
8,엘레나 호텔,HOTEL,전남 여수시 문수동  112,34.7548262,127.7061687,54428.0
9,e러케조은 민박,PENSION,전남 여수시 돌산읍 죽포리 272-2,34.6326875,127.7941093,94012.0
12,상록수 민박,PENSION,전남 여수시 돌산읍 우두리 804-10,34.7272378,127.742063,123700.0
1,한려펜션민박,PENSION,전남 여수시 남면 우학리 703번지,34.5068792,127.771515,51954.0
1,치유의 숲,PENSION,전남 여수시 율촌면 신풍리 18,34.8399441,127.6294663,113804.0
5,향일암펜션 예술인의 집,PENSION,전남 여수시 돌산읍 율림리 6-4,34.5950334,127.8038809,58139.0
11,들가펜션,PENSION,전남 여수시 돌산읍 둔전리 1213-6,34.6594087,127.7664809,63087.0
9,곡성섬진강승마유스빌,HOSTEL,전남 곡성군 고달면 두가리 169-1,35.2380871,127.3753186,72983.0
3,외동 어촌체험마을,HOSTEL,전남 여수시 경호동  578-2,34.717875,127.7345183,137307.0
1,적금 어촌체험마을,HOSTEL,전남 여수시 화정면 적금리 349,34.6273283,127.5148974,127411.0
10,그리스호텔,HAPPYHOTEL,전남 완도군 완도읍 가용리 1020-12,34.3247137,126.7475384,141018.0
2,만월장 호텔,HAPPYHOTEL,전남 장성군 북이면 사거리 611-3,35.4311207,126.8100528,101434.0
2,삼성호텔,HAPPYHOTEL,전남 장성군 장성읍 기산리 478-47,35.3047431,126.7812646,56902.0
10,프라자호텔,HAPPYHOTEL,전남 고흥군 도양읍 봉암리 3872,34.5241684,127.1429527,138544.0
3,화야평,HAPPYHOTEL,전남 구례군 산동면 좌사리 541-3,35.3100379,127.4739205,94012.0
7,S호텔,HAPPYHOTEL,전남 광양시 중동  1648-2,34.9370809,127.6955404,68035.0
4,We호텔,HAPPYHOTEL,전남 순천시 해룡면 신대리 1975-2,34.9356441,127.5499275,54428.0
3,브라운호텔,HAPPYHOTEL,전남 순천시 풍덕동  1259-10,34.9475731,127.4939272,45769.0
12,해비치호텔,HAPPYHOTEL,전남 여수시 학동  200-23,34.7563703,127.6574673,102671.0
11,y-오션 관광호텔,HOTEL,전남 여수시 덕충동  61-25,34.758515,127.7495232,147203.0
7,베니키아 관광호텔,HOTEL,전남 여수시 학동  200-16,34.7565536,127.6590811,40821.0
1,히든베이호텔,HOTEL,전남 여수시 신월동  197-24,34.7219271,127.6999084,43295.0
9,한옥호텔 오동재,HOTEL,전남 여수시 덕충동  596-1,34.7558791,127.7448237,70509.0
5,U-캐슬 관광호텔,HOTEL,전남 여수시 소라면 죽림리 117,34.7481238,127.6415105,72983.0
5,여수YMCA 가사리생태교육관,HOSTEL,전남 여수시 소라면 현천리 1049-4,34.7480514,127.602575,91538.0
8,경도리조트콘도,CONDO,전남 여수시 경호동  438-1,34.7187859,127.7213649,102671.0
5,한화리조트,CONDO,전남 구례군 마산면 황전리 32-22,35.2480117,127.4939693,47006.0
5,남매가든펜션,PENSION,전남 영광군 홍농읍 칠곡리  329,35.388959,126.4249481,143492.0
2,해안도로펜션,PENSION,전라남도 영광군 백수읍 대신리  783-15,35.3500361,126.3889981,129885.0
6,황해펜션,PENSION,전남 영광군 백수읍 백암리  108,35.3319298,126.3813774,84116.0
9,쉐이리펜션,PENSION,전라남도 영광군 백수읍 백암리  236-1,35.3203311,126.380122,107619.0
10,마리나베이펜션,PENSION,전라남도 영광군 백수읍 백암리  592-4,35.311396,126.3828049,102671.0
2,놀마루펜션,PENSION,전남 영광군 백수읍 백암리  283,35.319945,126.3828634,47006.0
4,노을하우스,PENSION,전남 영광군 백수읍 대신리 760-8,35.3509166,126.3904597,115041.0
6,노을연가,PENSION,전남 영광군 백수읍 백암리 231,35.325688,126.3791832,142255.0
5,해비치모텔,MOTEL,전남 영광군 법성면 법성리 1210-13,35.3593076,126.4397414,126174.0
8,골든비치모텔,MOTEL,전남 영광군 법성면 법성리 1227-9,35.3585132,126.4442356,25977.0
4,초원모텔,MOTEL,전남 영광군 영광읍 백학리 139,35.277181,126.5104109,29688.0
2,스카이모텔,MOTEL,전남 영광군 영광읍 신하리  30-6,35.2746674,126.5021867,35873.0
1,삼정모텔,MOTEL,전남 영광군 영광읍 신하리,35.2781614,126.4926825,76694.0
5,그리스모텔,MOTEL,전남 영광군 영광읍 신하리 12길,35.2781614,126.4926825,129885.0
9,함평온천장,MOTEL,함평군 함평읍 기각리 824번지,35.0648605,126.5163785,47006.0
12,모아모텔,MOTEL,함평군 함평읍 기각리  375-34번지,35.0668909,126.5255888,128648.0
10,뉴샹젤리제호텔,HOTEL,전남 함평군 함평읍 천우길 32,35.063069,126.5241445,139781.0
2,장성 백양사 가인 오토캠핑장,CAMPING,전남 장성군 북하면 약수리 108,35.4260994,126.8792746,72983.0
2,장성 홍길동 테마파크,CAMPING,전남 장성군 황룡면 아곡리 373,35.3194274,126.7271331,108856.0
8,장성 방장산 자연휴양림,CAMPING,전남 장성군 북이면 죽청리 산 70-1,35.4440384,126.7513996,45769.0
4,함평 자연생태공원,CAMPING,전남 함평군 신광면 가덕리 393번지,35.1379299,126.4929495,145966.0
7,무안 갯벌 캠핑장,CAMPING,무안군 해제면 유월리  1-1,35.1095181,126.3331582,138544.0
6,해남 가학산 자연휴양림,CAMPING,전라남도 해남군 계곡면 가학리 산1 번지,34.67098,126.6170002,37110.0
12,황토나라 테마촌(캠핑리조트),CAMPING,전라남도 해남군 송지면 땅끝해안로 1730,34.3102365,126.5218164,105145.0
4,영암 F1 오토캠핑장,CAMPING,전남 영암군 삼호읍 삼포리 1894 F1경주장 내,34.7303531,126.4175505,133596.0
12,영암 천황사 캠핑장,CAMPING,전남 영암군 영암읍 개신리 484-50,34.7750828,126.7217154,85353.0
2,강진 호수공원 오토캠핑장,CAMPING,전남 강진군 강진읍 송전리 766-16,34.6383176,126.752408,74220.0
2,강진 베이스볼파크 오토캠핑장,CAMPING,전남 강진군 도암면 학장리 83-11(강진베이볼파크),34.559957,126.7651548,118752.0
8,강진 주작산 자연휴양림,CAMPING,전남 강진군 신전면 수양리 산 65-1 번지,34.5142256,126.6846898,118752.0
1,장흥 천관산 자연휴양림,CAMPING,전남 장흥군 관산읍 농안리 692,34.5452704,126.8996848,132359.0
7,장흥 유치 자연휴양림,CAMPING,전남 장흥군 유치면 신월리 443,34.7680258,126.8324502,51954.0
12,장흥 정남진리조트 오토캠핑장,CAMPING,전남 장흥군 부산면 지천리 405,34.7511696,126.8933034,24740.0
4,보성 하느제 캠핑장,CAMPING,전남 보성군 벌교읍 옥전리 1130,34.8481348,127.2331091,121226.0
10,보성 제암산 자연휴양림,CAMPING,전남 보성군 웅치면 대산리 113-1번지,34.7000119,126.9865872,71746.0
11,고흥 팔영산 오토캠핑장,CAMPING,전남 고흥군 점암면 성기리 381-2,34.6414568,127.4147365,96486.0
1,고흥 팔영산 자연휴양림,CAMPING,전남 고흥군 영남면 우천리 산350-1(팔영로 1347-418),34.6188706,127.4441147,68035.0
11,고흥 임해야영장수련원,CAMPING,전남 고흥군 대서면 안남리 625번지,34.7491634,127.2721259,136070.0
4,곡성 죽곡카누클럽 강변캠핑장,CAMPING,전남 곡성군 죽곡면 태평리 408,35.1491968,127.323785,33399.0
10,곡성 섬진강 청소년야영장,CAMPING,전남 곡성군 고달면 두가리 627-2(가정마을길 51),35.2277187,127.3697192,121226.0
2,곡성 도림사 오토캠핑리조트,CAMPING,전남 곡성군 곡성읍 구원리 553-3( 도림로 74 ),35.2621004,127.2668529,49480.0
8,광양 백운산 자연휴양림,CAMPING,전남 광양시 옥룡면 추산리 산114 ( 백계로 337 ),35.0516426,127.6045048,27214.0
3,순천 서면 자연휴양림,CAMPING,전남 순천시 서면 운평리 산160번지(청소년수련관길 170),35.0481617,127.4772557,112567.0
2,순천 낙안민속자연휴양림,CAMPING,전남 순천시 낙안면  민속마을길 1600,34.9124206,127.3522094,82879.0
9,여수 봉황산 자연휴양림,CAMPING,전남 여수시 돌산읍 신복리 산391번지,34.620797,127.7550628,121226.0
4,여수 웅천 친수공원,CAMPING,전남 여수시 웅천동  1692,34.7472547,127.6692517,55665.0
12,지리산 가족호텔,HOTEL,전남 구례군 산동면 대평리 729,35.3218532,127.4628158,117515.0
3,나르샤관광호텔,HOTEL,전남 여수시 학동  200-24,34.7565897,127.657173,30925.0
5,호텔마띠유여수,HOTEL,전남 여수시 공화동   766,34.7451803,127.7448543,138544.0
3,디오션 호텔,HOTEL,전남 여수시 소호동  산 99,34.7318618,127.6434105,58139.0
7,호텔엠블여수,HOTEL,전남 여수시 수정동   332-15,34.7420946,127.7544229,142255.0
1,해창만오토캠핑장,CAMPING,전남 고흥군 포두면 송산리 1641,34.5863461,127.3946026,118752.0
12,고흥 염포야영장,CAMPING,전남 고흥군 봉래면 외초리 312,34.4187119,127.4918871,82879.0
10,굴전여가캠핑장,CAMPING,전남 여수시 돌산읍 평사리 1324번지 일원,34.6921002,127.7651308,121226.0
8,크라운호텔,HOTEL,전남 장흥군 장흥읍 동교로 11,34.6810831,126.9049584,84116.0
12,영산재 한옥호텔,HOTEL,전남 영암군 삼호읍 나불리 292번지,34.7875268,126.4619491,141018.0
4,리베라 펜션,PENSION,전남 완도군 신지면 신리 530-18,34.3355072,126.8126327,95249.0
5,해미랑,PENSION,전남 진도군 지산면 가학리 180,34.4408313,126.1043686,65561.0
4,팔도한옥촌,PENSION,전남 진도군 의신면 금갑리 478,34.3978896,126.2769539,56902.0
1,지중해펜션,PENSION,전남 진도군 지산면 가학리 14-4,34.4483249,126.1172647,33399.0
9,접도 해상펜션,PENSION,전남 진도군 의신면  접도리 781번지,34.43931,126.2834169,131122.0
9,접도 웰빙펜션,PENSION,전남 진도군 의신면 금갑리 658,34.3807277,126.305521,98960.0
10,운림펜션,PENSION,전남 진도군 의신면 사천리 18,34.4701456,126.3112976,118752.0
3,소풍이야기 펜션,PENSION,전남 진도군 의신면 초사리 658,34.4105884,126.3243858,51954.0
4,봄빛펜션,PENSION,전남 진도군 의신면 연주리,34.4331496,126.3162669,51954.0
6,보문도원,PENSION,전남 진도군 임회면 죽림리 299-1,34.3919041,126.2591361,81642.0
2,배드민턴민박,PENSION,전남 진도군 군내면 녹진리 1222-1,34.5760891,126.2758723,141018.0
9,동령개펜션,PENSION,전남 진도군 임회면 굴포리 765-1,34.3619904,126.1837539,64324.0
8,노을이 머무는 집,PENSION,전남 진도군 지산면 가학리 128,34.4457112,126.1099598,48243.0
12,낙조 펜션,PENSION,전남 진도군 지산면 가학리 413,34.4378149,126.1024021,145966.0
10,구름이 쉬어가는 곳,PENSION,전남 진도군 임회면 죽림리 293-2,34.3911486,126.2574667,75457.0
7,골드마운틴 하우스,PENSION,전남 진도군 고군면 원포리 50,34.481639,126.3772002,33399.0
8,사중문답,PENSION,전남 장성군 북하면 약수리 68,35.4349373,126.8775246,51954.0
5,지리산 산수유 펜션,PENSION,전남 구례군 산동면 위안리 460번지,35.3363989,127.4850526,75457.0
4,아리랑민박,BNB,전남 완도군 금당면 차우리 44,34.4286259,127.0725206,139781.0
3,백악관민박,BNB,전남 완도군 약산면 장용리 687-1,34.4002391,126.9041854,107619.0
6,동트는민박,BNB,전남 완도군 소안면 당사리 49-6,34.1053929,126.5955252,44532.0
11,해맞이민박,BNB,전남 완도군 보길면 중통리 500-1,34.1675135,126.5892282,30925.0
9,무지개타운민박,BNB,전남 완도군 보길면 예송리 425-1,34.1401528,126.5616668,84116.0
8,낙원민박,BNB,전남 완도군 청산면 국산리 75,34.2057943,126.9036924,122463.0
7,버들민박,BNB,전남 완도군 생일면 유서리 833-2,34.3370746,126.9867787,80405.0
7,농촌체험민박,BNB,전남 완도군 약산면 관산리 337-2,34.3809581,126.8915838,91538.0
6,동고민박,BNB,전남 완도군 신지면 동고리 518-1,34.330172,126.8799269,129885.0
11,섬마을민박,BNB,전남 완도군 생일면 유서리 525,34.3342999,126.9950725,141018.0
4,원조가든민박,BNB,전남 완도군 금일읍 동백리 30-1,34.3302368,127.0548478,85353.0
2,파도그리고모래알민박,BNB,전남 완도군 보길면 중통리 493-1,34.1674025,126.595572,58139.0
6,신일장민박,BNB,전남 완도군 신지면 신리 796-7,34.3271859,126.8043391,49480.0
8,복래장민박,BNB,전남 완도군 신지면 신리 815-2,34.327522,126.8050612,44532.0
7,해송민박,BNB,전남 완도군 금당면 육산리 949-13,34.4223043,127.0400374,34636.0
1,행운민박,BNB,전남 완도군 청산면 지리 631,34.19707,126.86739,82879.0
3,청정민박,BNB,전남 완도군 보길면 중통리 379-5,34.1676525,126.5903003,106382.0
4,오거리민박,BNB,전남 완도군 금당면 차우리 784-4,34.4311284,127.0673932,38347.0
10,대원민박,BNB,전남 완도군 보길면 예송리 263-1,34.1422026,126.5624585,137307.0
2,과목민박,BNB,전남 완도군 소안면 비자리 845-3,34.1792895,126.6576472,70509.0
5,풍년장민박,BNB,전남 완도군 신지면 신리 49-1,34.3362738,126.8224429,90301.0
12,그린민박,PENSION,전남 완도군 완도읍 대야리 48,34.3729666,126.7238457,43295.0
2,금호민박,BNB,전남 완도군 신지면 신리,34.3419391,126.8172239,105145.0
1,소나무민박,BNB,전남 완도군 청산면 당락리 1147-1,34.1780685,126.8590761,71746.0
11,하득민박,BNB,전남 완도군 약산면 득암리 529-2,34.362749,126.8968169,136070.0
4,숲속의 집 민박,PENSION,전남 완도군 보길면 중통리 825-1,34.1617533,126.5878255,77931.0
6,경준민박,BNB,전남 완도군 보길면 중통리 419,34.1651057,126.5932639,40821.0
5,국제민박펜션,BNB,전남 완도군 완도읍 가용리 582-1,34.32693,126.7375838,64324.0
5,청솔민박,BNB,전남 완도군 청산면 신흥리 4,34.1917125,126.9112418,65561.0
8,초원가든민박,BNB,전남 완도군 신지면 동고리 664,34.3223979,126.8765494,75457.0
6,병철민박,BNB,전남 완도군 보길면 예송리 290-5,34.1390723,126.5621752,25977.0
2,구계등민박,BNB,전남 완도군 완도읍 정도리 86,34.2983748,126.7092003,74220.0
3,지리돌담민박,PENSION,전남 완도군 청산면 지리 643-2,34.1965535,126.8666289,134833.0
4,갯돌민박,BNB,전남 완도군 청산면 국산리 192,34.2026029,126.9027953,76694.0
3,관광민박,BNB,전남 완도군 완도읍 중도리 997-1,34.2993358,126.7113473,136070.0
8,상산포민박,BNB,전남 완도군 청산면 신흥리 608-3,34.191582,126.9107169,101434.0
11,바다보이는 집 민박,BNB,전남 완도군 보길면 중통리 762-5,34.1650687,126.5919884,63087.0
1,완도물음표민박,BNB,전남 완도군 군외면 원동리 41-2,34.3917196,126.6502214,35873.0
9,제일장민박,BNB,전남 완도군 신지면 신리 815-4,34.327347,126.8048001,86590.0
1,한바다민박,BNB,전남 완도군 청산면 지리 1108,34.1927483,126.8606156,47006.0
3,무등장민박,BNB,전남 완도군 신지면 신리 807-1,34.3274581,126.8065583,58139.0
4,토박이민박,BNB,전남 완도군 보길면 예송리 221-1,34.1474596,126.5639472,40821.0
9,팔불출민박,BNB,전남 완도군 신지면 신리 993,34.3231391,126.8039363,53191.0
3,자갈밭위민박,BNB,전남 완도군 생일면 금곡리 476,34.3213039,126.9603922,29688.0
7,서편제민박,BNB,전남 완도군 청산면 당락리 1108,34.1757918,126.8561606,110093.0
5,솔바다펜션민박,BNB,전남 완도군 청산면 지리 646-1,34.1960591,126.8668317,129885.0
12,삼문산민박,BNB,전남 완도군 약산면 해동리 75,34.4054195,126.944954,29688.0
9,블루펜션민박,BNB,전남 완도군 신지면 대곡리 392-6,34.3260473,126.8289424,124937.0
1,삼손황토방민박,PENSION,전남 장성군 북하면 용두리 55 외 4,35.3946335,126.8845465,113804.0
4,시골집 민박,PENSION,전남 장성군 북일면 문암리 610,35.3947939,126.7335154,75457.0
1,월성민박,PENSION,전남 장성군 북하면 월성리 337,35.3500412,126.8624099,89064.0
4,남원민박,PENSION,전남 장성군 북일면 문암리 659,35.39533,126.735454,72983.0
7,강릉댁민박,PENSION,전남 장성군 북일면 문암리 677,35.3951994,126.7333931,145966.0
10,금곡민박,PENSION,전남 장성군 북일면 문암리 661,35.3948966,126.7352264,92775.0
1,천변유,PENSION,전남 장성군 북하면 단전리 206,35.3908645,126.8726448,144729.0
3,추암숲속나라,PENSION,전남 장성군 서삼면 추암리 794-5,35.3544233,126.7297077,92775.0
11,황토풍경,PENSION,전남 장성군 장성읍 안평리 419-40,35.3406724,126.7791784,54428.0
2,솔길,PENSION,전남 장성군 삼계면 상도리 499-1,35.2543925,126.6905282,74220.0
8,남창계곡사계절온천펜션,PENSION,전남 장성군 북하면 신성리 437-4,35.4605703,126.8411887,132359.0
9,사계절펜션,PENSION,전남 장성군 북하면 신성리 437,35.4602509,126.8402499,137307.0
5,남창계곡펜션,PENSION,전남 장성군 북하면 신성리 439-1,35.4610397,126.8410166,87827.0
11,백년휴양촌,PENSION,전남 장성군 서삼면 모암리 79,35.3651973,126.7643545,50717.0
6,축령산울림,PENSION,전남 장성군 북일면 문암리 668,35.395155,126.7346069,34636.0
3,궁궐민박,PENSION,전남 장성군 북일면 오산리 51-9,35.3891615,126.8008706,35873.0
6,청림민박,PENSION,전남 장성군 북이면 죽청리 529,34.8161909,126.4630016,34636.0
3,절암민박,PENSION,전남 장성군 삼계면 부성리 497-1,35.2981571,126.6578088,75457.0
12,자하동산장민박,PENSION,전남 장성군 북하면 신성리 500,35.4552431,126.8375335,58139.0
11,신성민박,PENSION,전남 장성군 북하면 신성리 63-1,35.4406503,126.8363782,68035.0
8,안동순민박,PENSION,전남 장성군 서삼면 추암리 631,35.3515432,126.7326796,117515.0
1,축령산산장,PENSION,전남 장성군 서삼면 추암리 793-1,35.3551317,126.7360785,87827.0
7,평지리민박,PENSION,전남 장성군 북하면 신성리 368,35.4560237,126.8445357,38347.0
11,단풍이네집,PENSION,전남 장성군 북하면 신성리 376,35.4566513,126.8441801,76694.0
12,남창감나무집,PENSION,전남 장성군 북하면 신성리 366,35.4558181,126.8436664,53191.0
4,남창벌집민박,PENSION,전남 장성군 북하면 신성리 281-1,35.4359279,126.850041,124937.0
5,산정민박,PENSION,전남 장성군 서삼면 추암리 585-1,35.3508544,126.732638,30925.0
11,흑염소농장민박,PENSION,전남 장성군 서삼면 추암리 816,35.3523014,126.7307937,40821.0
4,산중문답,BNB,전남 장성군 북하면 약수리 68,35.4348706,126.8774052,77931.0
10,옥녀봉민박,PENSION,전남 장성군 북하면 약수리 62,35.4221525,126.8731362,147203.0
7,백암산민박,PENSION,전남 장성군 북하면 약수리 53,35.4361372,126.8768052,97723.0
1,우리민박,PENSION,전남 장성군 북하면 약수리 89,35.4277186,126.8701771,116278.0
8,백학민박,PENSION,전남 장성군 북하면 약수리 81,35.4261827,126.874861,51954.0
8,송화네민박,PENSION,전남 장성군 북하면 쌍웅리 244-2,35.4171919,126.8531713,71746.0
2,서현민박,PENSION,전남 장성군 서삼면 추암리 751,35.362042,126.726769,66798.0
7,평사민박,PENSION,전남 신안군 신의면 고평사도리 290번지,34.5783522,126.1455864,144729.0
1,지리산스위스관광호텔,HOSTEL,전남 구례군 마산면 황전리 427-1,35.2376239,127.4876143,58139.0
2,에코그라드호텔,HOTEL,전남 순천시 백강로 234 (조례동 1587-4),34.9621796,127.5218942,42058.0
2,나로비치호텔,MOTEL,전라남도 고흥군 봉래면 신금리  1251,34.4660792,127.4550872,113804.0
5,모텔 티,HOSTEL,전남 여수시 교동  534번지,34.7398531,127.7330137,42058.0
8,뜨레모아,HOSTEL,전남 여수시 돌산읍 율림리 9-20번지,34.5941585,127.8035227,91538.0
9,산아래펜션민박,PENSION,전남 담양군 금성면 원율길 2,35.205513,127.015915,91538.0
12,제비민박,PENSION,전남 해남군 삼산면 구림리 617-10번지,34.509037,126.6062162,141018.0
10,웰빙접도 편백한옥민박,PENSION,전남 진도군 의신면 금갑리 928-4번지,34.3851466,126.2954634,65561.0
6,나절로민박,PENSION,전남 진도군 임회면 상만리 403,34.3795136,126.2160454,147203.0
4,진도스케치,PENSION,전남 진도군 진도읍 해창리 543-4번지,34.4975949,126.2337042,131122.0
8,해오름펜션,PENSION,전남 장흥군 안양면 수문리 48-5번지,34.636797,127.0378082,121226.0
2,산장민박,PENSION,전남 장성군 북하면 약수리 53-1번지,35.4083819,126.8824133,123700.0
10,산이네민박,PENSION,전남 장성군 북일면 문암리 669번지,35.3980436,126.7432672,122463.0
8,추암골산장민박,PENSION,전남 장성군 서삼면 추암리 663-2번지,35.3476575,126.7255553,103908.0
10,방장산울림민박,PENSION,전남 장성군 북이면 죽청리 546-1번지,35.4406166,126.7572379,100197.0
1,석정민박,PENSION,전남 장성군 북하면 용두리 369번지,35.3955945,126.8764805,138544.0
2,추암관광농원민박,PENSION,전남 장성군 서삼면 추암리 산 24번지,35.3476575,126.7255553,44532.0
12,별이랑펜션,PENSION,전남 영암군 영암읍 개신리 310-5번지,34.7780571,126.7224958,71746.0
1,능선민박,PENSION,전남 영광군 홍농읍 계마리 927-2번지,35.4082898,126.4151545,48243.0
10,상록민박,PENSION,전남 영광군 염산면 두우리 954번지,35.2308603,126.3145615,70509.0
4,바다노을 펜션,PENSION,전남 여수시 돌산읍 평사리 1405-9번지,34.6765159,127.7722386,59376.0
4,하늘보라,PENSION,전남 여수시 돌산읍 평사리 산111-2번지,34.6765159,127.7722386,117515.0
5,엑스포펜션,PENSION,전남 여수시 만흥동  60-5번지,34.7750408,127.7340022,100197.0
5,가사리 꽃님 펜션 & 카페,PENSION,전남 여수시 소라면 현천리 999번지 가사리,34.7580086,127.6049719,86590.0
6,썬타운,PENSION,전남 여수시 덕충동  32-1번지,34.7563708,127.7458819,24740.0
2,순천정원민박,PENSION,전남 순천시 상사면 쌍지리 3-14번지,34.9377927,127.402988,51954.0
2,흑두루미펜션민박,PENSION,전남 순천시 대대동  160-1번지,34.8930458,127.5054656,30925.0
1,돛머리민박,PENSION,전남 강진군 대구면 저두리 393번지,34.5249861,126.7915665,147203.0
12,제일모텔,MOTEL,전남 보성군 벌교읍 홍암로 85,34.8474973,127.351246,103908.0
2,로즈파크모텔,MOTEL,전남 진도군 진도읍 동외리 313-2번지,34.4854742,126.2804391,107619.0
1,지리산 리틀프린스펜션,BNB,전남 구례군 마산면 황전리 521-4,35.2429316,127.4894475,74220.0
2,샾모텔,MOTEL,전남 순천시 조곡동  151-26번지,34.9475369,127.5031255,71746.0
7,골든빌,MOTEL,전남 여수시 학동  78번지 7호,34.7619281,127.6721683,90301.0
11,로얄관광호텔,HOTEL,전남 순천시 장천4길 15-17  (장천동 32-8),34.9488312,127.4900859,72983.0
3,온수동민박,BNB,전남 보성군 보성읍 봉산리 713-2,34.7376832,127.0949407,112567.0
1,다이아모텔,MOTEL,전남 여수시 교동  550번지,34.7396642,127.7332443,65561.0
4,김금순민박,PENSION,전남 영암군 영암읍  개신리 484-48번지,34.7780571,126.7224958,27214.0
8,추월산해피랜드,MOTEL,전남 담양군 담양읍 추월산로  1001,35.4073209,126.9978004,117515.0
4,꿈의궁전,MOTEL,전남 화순군 화순읍 유천리 106-1번지,35.069929,127.0028352,81642.0
12,하얀집,MOTEL,전라남도 해남군 송지면 송호리 1191번지,34.2997516,126.5362653,134833.0
5,곰돌이민박,PENSION,전남 강진군 신전면 벌정리 513,34.498511,126.7437043,48243.0
2,힐링호텔,HAPPYHOTEL,전남 담양군 담양읍 무정로 23,35.3093548,126.9836107,65561.0
4,견우와 직녀,PENSION,전남 담양군 남면 지실길 99,35.1856743,127.0098649,51954.0
12,한옥민박김영곤,PENSION,전남 화순군 춘양면 대신리 318번지,34.9674513,126.9415892,141018.0
7,황토방모텔,MOTEL,전남 여수시 돌산읍 율림리 18-7번지,34.5943641,127.8034088,24740.0
3,골든리버텔,HAPPYHOTEL,전남 담양군 담양읍 무정로 26,35.3088132,126.9836885,89064.0
1,담양다이너스티CC,MOTEL,전남 담양군 담양읍 학동리 산 79번지,35.3096077,127.0157274,95249.0
10,H.S관광호텔,HOTEL,전남 여수시 수정동  215-1번지,34.7475618,127.7500483,116278.0
9,샾모텔,MOTEL,여수시 학동  99-11번지,34.7590088,127.6637613,105145.0
10,상아파크호텔,MOTEL,전남 구례군 산동면 관산리 521번지,35.3187258,127.463377,128648.0
5,리구란도파크,MOTEL,전남 여수시 문수동  1-9번지,34.7579426,127.7105877,24740.0
5,서울장,MOTEL,전남 여수시 봉산동 247-9번지,34.7349425,127.7250533,117515.0
9,글로리호텔,HAPPYHOTEL,전남 순천시 풍덕동  1266-3,34.9442485,127.4955716,127411.0
2,스카이모텔,MOTEL,전남 광양시 중동  1643번지 5호,34.9374391,127.6969485,115041.0
11,씨랜드모텔,MOTEL,전남 신안군 임자면 대기리 2523-19번지,35.1026014,126.0748254,58139.0
8,해송모텔,MOTEL,전남 신안군 임자면 광산리 407-29번지,35.1026959,126.0709313,123700.0
10,도솔참숯가마,BNB,전남 화순군 한천면 동가리 721-1,34.8161909,126.4630016,79168.0
7,한천매일농원,BNB,전남 화순군 한천면 오음리 317,34.8161909,126.4630016,74220.0
11,삼밭동펜션,BNB,전남 화순군 남면 사수리 56,34.9901276,127.1440519,124937.0
2,로즈모텔,MOTEL,전남 화순군 능주면 관영리 240번지1호,34.9884823,126.9628345,38347.0
8,모후산장,MOTEL,전남 화순군 남면 유마리 167번지,35.0168106,127.1751129,103908.0
9,유니크모텔,MOTEL,전라남도 해남군 삼산면 구림리 146-27번지,34.4751519,126.6215095,81642.0
7,올인파크,BNB,전남 해남군 송지면 송호리 1244번지10호,34.3090505,126.5206443,85353.0
11,뉴전원모텔,MOTEL,전라남도 해남군 해남읍 고도리 475번지 4호,34.5658389,126.5962472,145966.0
1,거목장민박,PENSION,전남 해남군 삼산면 구림리 617-18번지,34.508337,126.6067022,58139.0
6,바다향기,MOTEL,전남 해남군 송지면 송호리 1188-2번지,34.8161909,126.4630016,79168.0
10,희망민박,PENSION,전남 고흥군 금산면 어전리 10-8번지,34.4351812,127.1645765,127411.0
8,함평민박,PENSION,함평군 대동면 덕산리 70번지,35.0647883,126.5164091,43295.0
5,운곡 자연 체험 학습장 민박,PENSION,전남 함평군 해보면 상곡리 880번지,35.1583947,126.5898686,128648.0
6,청해펜션,PENSION,전남 고흥군 금산면 어전리 469-2번지,34.4324285,127.1258993,70509.0
6,일출펜션,BNB,전남 완도군 완도읍 군내리  99-3,34.3003609,126.7607596,141018.0
8,백운모텔,MOTEL,전남 고흥군 도양읍 봉암리 2242-11번지,34.5264209,127.1359283,119989.0
1,에이스모텔,MOTEL,전남 영암군 삼호읍 삼포리  741번지 39호,34.7405935,126.4075459,63087.0
3,송학민박,PENSION,전남 영광군 홍농읍 계마리  807-2번지,35.3967754,126.4077107,65561.0
6,힐싸이드모텔,MOTEL,전남 영광군 홍농읍 칠곡리 175-5번지,35.3893874,126.4363666,119989.0
4,두리펜션,PENSION,전남 영광군 염산면 두우리 692번지,35.2308603,126.3145615,38347.0
5,하얀 갯마을펜션,BNB,전남 신안군 비금면 신원리 70번지,34.7620835,125.9198328,42058.0
9,호반민박,PENSION,전남 신안군 비금면 신원리 593-67번지,34.7744404,125.9138472,90301.0
4,미미민박,PENSION,전남 신안군 신의면 상태동리 375-3번지,34.5852984,126.0891608,138544.0
4,똠방민박,PENSION,전남 신안군 신의면 상태동리 425-1번지,34.5912756,126.1065064,75457.0
1,복민민박,PENSION,전남 신안군 비금면 신원리 554번지,34.771724,125.9175108,116278.0
5,오란다펜션,BNB,전남 신안군 비금면 신원리 원평 593-70번지,34.7706575,125.9214021,66798.0
9,한솔농장 민박,PENSION,전남 신안군 비금면 용소리 664번지,34.78547,125.9760027,58139.0
9,빨간집모텔,MOTEL,전남 신안군 비금면 덕산리 118-1번지,34.7606944,125.9262657,71746.0
10,바닷가펜션,PENSION,전남 신안군 비금면 신원리 593-73번지,34.7744404,125.9138472,65561.0
8,프린시스,MOTEL,전남 영암군 삼호읍 산호리 1259-38번지,34.7650771,126.4675126,106382.0
9,조선파크모텔,MOTEL,전남 영암군 삼호읍 산호리 855-2번지,34.7708617,126.4700207,142255.0
7,코리아모텔,MOTEL,전남 함평군 엄다면 송로리 196번지 2호,35.0141106,126.517937,117515.0
7,소피아 모텔,MOTEL,전남 영암군 삼호읍 삼포리 720번지 1호,34.7454291,126.4096394,139781.0
11,나이스모텔,MOTEL,전남 영암군 삼호읍 용앙리  1663-9번지,34.7551866,126.4540472,122463.0
3,블루모텔,MOTEL,전남 신안군 압해면 복룡리 147번지,34.9069968,126.337537,69272.0
4,청수장,MOTEL,전남 영광군 법성면 법성리 1148번지 13호,35.3556525,126.457853,56902.0
12,혜원식당민박,PENSION,전남 신안군 신의면 상태동리 367번지,34.7930181,126.3797562,72983.0
11,백제모텔,MOTEL,전남 영광군 영광읍 학정리 685번지 3호,35.2613883,126.5124049,34636.0
7,무안비치호텔,HAPPYHOTEL,전남 무안군 망운면 피서리 812-1번지,34.9683707,126.3870155,111330.0
12,리틀프린스펜션,PENSION,전남 구례군 마산면 황전리 521-4번지,35.2429316,127.4895141,50717.0
10,청룡각민박,PENSION,전남 강진군 신전면 벌정리 182-1번지,34.498811,126.7475428,87827.0
1,전원장여관,MOTEL,전남 무안군 해제면 신정리 127번지,35.1109264,126.2923007,107619.0
2,서울모텔,MOTEL,전남 무안군 무안읍 성남리 270-4번지,34.9878606,126.4777769,127411.0
3,쇼무인텔,MOTEL,전남 함평군 학교면 사거리 621-22번지,35.0217265,126.5339079,82879.0
3,리즈모텔,MOTEL,전남 함평군 해보면 문장리 827-11번지,35.1780982,126.6126414,141018.0
10,황토방민박,HOSTEL,전남 광양시 옥룡면 추산리 958,35.0511259,127.5997756,129885.0
5,W-모텔,MOTEL,전남 광양시 광양읍 덕례리 1768-8번지,34.9669907,127.5661042,108856.0
8,다도해민박,PENSION,전남 완도군 보길면 중통리 487-3번지,34.1677354,126.5901142,81642.0
7,신천지민박,PENSION,전남 완도군 신지면 신리 815-3번지,34.3274275,126.8049112,118752.0
7,우리민박,PENSION,전남 완도군 약산면 득암리 555-1번지,34.3629574,126.8973918,51954.0
7,1박2일,PENSION,전남 완도군 약산면 해동리 925-5번지,34.3716871,126.93792,35873.0
6,그랜드모텔,MOTEL,전남 완도군 완도읍 군내리 1259-7번지,34.3182033,126.749805,27214.0
5,엘리자베스모텔,MOTEL,전남 여수시 문수동 190-6번지,34.7510155,127.7004664,113804.0
2,흙집세상,BNB,전남 화순군 남면 원리 670,34.9952849,127.0758217,68035.0
5,연기향펜션,PENSION,전남 화순군 동면 복암리 820,35.0513315,127.0794117,84116.0
7,그레텔,PENSION,전남 화순군 화순읍 수만리 714-8번지,35.0870215,127.0047577,72983.0
4,구수골펜션,BNB,전남 화순군 북면 옥리 204,35.161738,127.0927551,132359.0
3,길따라 민박,PENSION,전남 화순군 춘양면 대신리 324-1번지,34.9671707,126.9416142,139781.0
8,헤라무인텔,MOTEL,전남 화순군 도곡면 원화리 605번지,35.0292247,126.9049919,107619.0
3,하우트모텔,MOTEL,전남 화순군 도곡면 원화리 597번지,35.0289192,126.9065835,70509.0
9,프라하무인텔,MOTEL,전남 화순군 도곡면 원화리 598번지,35.028622,126.9064613,102671.0
11,테마모텔,MOTEL,전남 화순군 도곡면 원화리 304-4번지,35.0357323,126.9055752,53191.0
7,크리스탈 모텔,MOTEL,전남 화순군 화순읍 광덕리 147-1번지,35.0554194,126.9873929,122463.0
2,퀸무인텔,MOTEL,전남 화순군 도곡면 원화리 610번지,35.0286303,126.9053558,25977.0
5,젠무인텔,MOTEL,전남 화순군 도곡면 천암리 825번지,35.0195869,126.9060642,75457.0
3,융프라우무인자동화텔,MOTEL,전남 화순군 도곡면 천암리 787번지,35.029883,126.9030755,58139.0
7,애니텔3 모텔,MOTEL,전남 화순군 도곡면 원화리 602번지,35.0296774,126.9058946,137307.0
3,애니텔2 모텔,MOTEL,전남 화순군 도곡면 원화리 602-1번지,35.0295274,126.9057835,58139.0
8,쉴모텔,MOTEL,전남 화순군 도곡면 원화리 594번지,35.0297941,126.9065474,81642.0
4,샵모텔,MOTEL,전남 화순군 도곡면 원화리 584번지,35.0307329,126.9060557,49480.0
9,밀모텔,MOTEL,전남 화순군 도곡면 원화리 601번지,35.0294052,126.9063057,34636.0
4,뉴욕파크모텔,MOTEL,전남 화순군 도곡면 원화리 607번지,35.0297941,126.9054086,77931.0
2,그린파크모텔사우나,MOTEL,전남 화순군 화순읍 광덕리 174-1번지,35.0567526,126.9897066,43295.0
6,그리스모텔,MOTEL,전남 화순군 화순읍 삼천리 633-5번지,35.0597772,126.9818461,59376.0
5,고야여관,MOTEL,전남 화순군 한천면 모산리 808번지,34.9712288,126.9655233,60613.0
8,견우와 직녀,MOTEL,전남 화순군 도곡면 천암리 776-1번지,35.0341158,126.9009089,37110.0
5,미송호텔,MOTEL,전남 화순군 도곡면 천암리 824번지,35.0230726,126.904592,145966.0
2,도곡가족스파랜드,CONDO,전남 화순군 도곡면 온천1길 45번지,35.0293496,126.9028671,97723.0
12,매정 들꽃민박,HOSTEL,전남 해남군 삼산면 매정리 869-3,34.5208135,126.6100408,63087.0
11,우수영유스호스텔,HOSTEL,전라남도 해남군 문내면 학동리 1030-1번지,34.5777446,126.3107554,141018.0
8,흥부민박,PENSION,전남 해남군 삼산면 구림리 617-9번지,34.509148,126.6059606,115041.0
11,함박골큰기와집,HOSTEL,전남 해남군 북평면 오산리 1016-2,34.4165085,126.6335033,32162.0
4,찬일민박횟집,PENSION,전남 해남군 송지면 통호리 151-7번지,34.3207161,126.5815779,112567.0
12,제일민박,PENSION,전남 해남군 송지면 통호리 151-16번지(사구미해수용장),34.32113,126.5801336,106382.0
12,바다향기,PENSION,전라남도 해남군 송지면 통호리 151-9번지,34.3214216,126.579503,24740.0
11,용일민박,PENSION,전남 해남군 송지면 송호리 956-1번지,34.3172996,126.5209192,108856.0
6,예촌,PENSION,전라남도 해남군 송지면 송호리 1220-7번지,34.3058342,126.5160003,96486.0
12,스카이펜션,MOTEL,전남 해남군 해남읍 연동리 719번지,34.5483604,126.6056327,81642.0
6,솔밭민박,PENSION,전남 해남군 화산면 평호리 430번지,34.4349836,126.4847994,40821.0
2,소리재,PENSION,전라남도 해남군 송지면 송호리 881-8번지,34.3198354,126.5158836,137307.0
2,설아다원,PENSION,전남 해남군 북일면 흥촌리 1256-3번지,34.4682251,126.6594812,112567.0
7,땅끝하우스,PENSION,전남 해남군 송지면 송호리 1166-2번지,34.2989378,126.5269272,101434.0
8,노루목,PENSION,전남 해남군 송지면 소죽리 764-4번지,34.3502376,126.521844,59376.0
1,남촌농원,PENSION,전라남도 해남군 옥천면 송산리 596번지,34.5572974,126.6477455,86590.0
2,남쪽나라민박,PENSION,전남 해남군 삼산면 신흥리 268번지,34.5388476,126.6110683,96486.0
2,땅끝방갈로 펜션,PENSION,전라남도  해남군 송지면 송호리 산9,34.5389327,126.4066411,138544.0
10,하얏트모텔,MOTEL,전라남도 해남군 해남읍 평동리 89번지,34.5692135,126.597947,79168.0
7,피아노모텔,MOTEL,전라남도 해남군 해남읍 해리 291번지,34.5665445,126.605963,124937.0
7,티파니모텔,MOTEL,전라남도 해남군 해남읍 해리 380번지,34.5678887,126.6072323,54428.0
10,태산모텔,MOTEL,전라남도 해남군 해남읍 연동리 719번지,34.5483048,126.6055021,129885.0
6,첼로모텔,MOTEL,전라남도 해남군 해남읍 해리  452-1,34.5718439,126.6065462,72983.0
10,조선비치모텔,MOTEL,전라남도 해남군 해남읍 고도리 408-14번지,34.5668583,126.594664,138544.0
8,워커힐모텔,MOTEL,전라남도 해남군 해남읍 해리 380-3번지,34.5677304,126.6070407,119989.0
5,사파이어모텔,MOTEL,전라남도 해남군 해남읍 해리 165-2번지,34.5713995,126.6152067,113804.0
11,발리모텔,MOTEL,전라남도 해남군 문내면 선두리 562번지,34.5884573,126.3134356,38347.0
10,바닷가모텔,MOTEL,전라남도 해남군 송지면 소죽리 763-2번지,34.3511431,126.5204441,24740.0
4,목화장모텔,MOTEL,전라남도 해남군 해남읍 고도리 165-5번지,34.5656778,126.6016717,129885.0
1,땅끝모텔,MOTEL,전라남도 해남군 송지면 송호리 1207번지,34.3005237,126.5275994,129885.0
11,땅끝 비치모텔,MOTEL,전라남도 해남군 송지면 송호리 1173번지,34.2982212,126.5275244,136070.0
10,두륜각여관,MOTEL,전라남도 해남군 삼산면 구림리 8-1번지,34.4751602,126.6215095,54428.0
6,동일온천장여관,MOTEL,전라남도 해남군 삼산면 구림리 28-9번지,34.5016517,126.6121323,40821.0
3,남국장파크모텔,MOTEL,전라남도 해남군 삼산면 구림리 산 8-1번지,34.480243,126.6141712,38347.0
2,궁전모텔,MOTEL,전라남도 해남군 해남읍 고도리 173-6번지,34.5669416,126.6018578,71746.0
2,해남땅끝호텔,HOTEL,전남 해남군 송지면 송호리 1227-1번지,34.306137,126.5232636,80405.0
7,두륜산온천가족호텔,BNB,전남 해남군 삼산면 구림리 138-8,34.4965884,126.6236008,95249.0
12,오두 황토이야기(유준영),PENSION,전남 함평군 해보면 대각리 541번지,35.1649771,126.5448448,90301.0
12,오두 황토와 들꽃세상 한옥(이병철),HOSTEL,전남 함평군 해보면 대각리 575-5,35.1627052,126.5451198,87827.0
8,오두 나비골 꽃잠한옥(이상행),PENSION,전남 함평군 해보면 대각리 579-1번지,35.1624107,126.5450337,34636.0
7,상모 희소문 민박(홍순자),PENSION,전남 함평군 해보면 상곡리 656번지,35.1597974,126.5940432,91538.0
9,상모 풍경소리 (윤득중),PENSION,전남 함평군 해보면 상곡리 243-1번지,35.1604584,126.595682,59376.0
10,상모 외갓집 가세 (유효희),PENSION,전남 함평군 해보면 상곡리,35.1583947,126.5898686,143492.0
9,상모 소풍가 민박(심재옥),PENSION,전남 함평군 해보면 상곡리 199번지 (상모노인회관앞),35.1608001,126.5991317,132359.0
10,상모 들풀 민박,PENSION,전남 함평군 해보면 상곡리 234번지,35.1607945,126.5957958,90301.0
2,황토와 들꽃세상,BNB,전남 함평군 해보면 대각리 538-1,35.1719481,126.5452808,106382.0
1,예가펜션,PENSION,전남 함평군 해보면 대각리 541번지,35.1648438,126.5448031,144729.0
1,기쁨이 가득한 곳,PENSION,전남 함평군 함평읍 석성리 520-4번지,35.0863966,126.4472594,38347.0
9,황토 한옥민박,PENSION,전남 함평군 함평읍 석성리 524-5번지,35.0864299,126.4427098,51954.0
12,천지관광농원,PENSION,전남 함평군 해보면 금덕리 672-6번지,35.1915716,126.5939069,49480.0
1,주포민박,PENSION,전남 함평군 함평읍 석성리 331-12번지,35.0892936,126.462022,132359.0
9,예가민박,PENSION,전남 함평군 대동면 강운리 455-2번지,35.0907799,126.5523308,27214.0
8,영화황토민박,PENSION,전남 함평군 해보면 상곡리 653번지,35.1599363,126.5943821,123700.0
9,어촌민박,PENSION,전남 함평군 함평읍 석성리 560-29번지,35.0849856,126.440285,70509.0
5,아차동 민박,PENSION,전남 함평군 대동면 덕산리 586번지,35.0816058,126.5228973,101434.0
6,돌머리해안민박,PENSION,전남 함평군 함평읍 석성리 560-37번지,35.0847801,126.4427876,92775.0
7,돌머리예쁜집,PENSION,전남 함평군 함평읍 석성리 559-3번지,35.0841191,126.4439097,33399.0
9,돌머리서해민박,PENSION,전남 함평군 함평읍 석성리 560-25번지,35.0852939,126.4433562,50717.0
11,힐탑모텔,MOTEL,전남 함평군 해보면 금덕리 568-11번지,35.1856555,126.5906294,24740.0
8,보은모텔,MOTEL,전남 함평군 학교면 사거리 657-1번지,35.0280286,126.5363687,119989.0
6,국제모텔,MOTEL,전남 함평군 엄다면 송로리 205-1번지,35.0158605,126.519073,131122.0
5,골드마우스 하우스,BNB,전남 진도군 고군면 원포리 50-2,34.4817723,126.3773196,141018.0
10,진도군청소년수련관,HOSTEL,전남 진도군 고군면 금계리 153-1,34.4360495,126.3542608,25977.0
12,팽목민박,PENSION,전남 진도군 임회면 연동리 1221-4번지,34.3752276,126.1431046,85353.0
5,진도미술관동심,PENSION,전남 진도군 군내면 분토리 216-1번지,34.5050831,126.2773699,138544.0
5,주지도민박,PENSION,전남 진도군 지산면 가치리 10번지,34.4218197,126.1543839,35873.0
11,사계절민박,PENSION,전남 진도군 지산면 가학리 113-4번지,34.4452252,126.1109041,30925.0
7,굿모닝 하우스,PENSION,전남 진도군 지산면 가학리 20-3번지,34.4473611,126.1163704,106382.0
2,필모텔,MOTEL,전남 진도군 진도읍 남동리 507-5번지,34.4815524,126.2634878,137307.0
4,프린스모텔,MOTEL,전남 진도군 진도읍 남동리 745-5번지,34.4814663,126.2623963,75457.0
1,태평모텔,MOTEL,전남 진도군 진도읍 남동리 486-1번지,34.4809192,126.2655265,145966.0
7,진도관광모텔,MOTEL,전남 진도군 군내면 녹진리 3-2번지,34.5708259,126.2972844,51954.0
8,보은모텔,MOTEL,전남 진도군 진도읍 남동리 528번지,34.48313,126.2637684,127411.0
11,별천지 모텔,MOTEL,전남 진도군 군내면 월가리 315-3번지,34.4881934,126.2838166,56902.0
4,미도장,MOTEL,전남 진도군 임회면 석교리 257번지,34.4100295,126.1916057,75457.0
5,우산 행복나눔터(문재옥),PENSION,전남 장흥군 장평면 우산리 635-1번지,34.8141822,126.9201172,103908.0
9,우산 해찬솔한옥(이예학),PENSION,전남 장흥군 장평면 우산리 721번지,34.8242977,126.9249723,118752.0
11,우산 미르네민박(맹보균),PENSION,전남 장흥군 장평면 우산리 539번지,34.8160625,126.9200839,24740.0
10,우산 덕정여사 민박(이여금),PENSION,전남 장흥군 장평면 우산리 747-18번지,34.8094272,126.9240058,29688.0
10,희망나루펜션,PENSION,전남 장흥군 안양면 사촌리 650-34번지,34.6341576,127.0192182,43295.0
9,해오름펜션,BNB,전남 장흥군 안양면 모령리 48-3,34.6382936,126.9589318,128648.0
10,스파리조트 안단테,MOTEL,전남 장흥군 안양면 수문리 8번지,34.638244,127.0427189,27214.0
11,팽나무집,PENSION,전남 장흥군 장흥읍 평화리 96번지,34.6646961,126.925149,89064.0
9,천관마루,PENSION,전남 장흥군 관산읍 옥당리 713번지,34.5577025,126.9348011,75457.0
9,제암민박,PENSION,전남 장흥군 장동면 배산리 514-2번지,34.7517812,127.0002548,129885.0
6,정남진회타운,PENSION,전남 장흥군 안양면 수문리 149-2,34.6329696,127.03132,61850.0
6,정남진민박,PENSION,전남 장흥군 용산면 상발리 102번지 남포부락,34.6103271,126.9927234,79168.0
4,이상도민박,PENSION,전남 장흥군 유치면 봉덕리 156번지,34.8175094,126.8898504,54428.0
2,어부손씨민박,PENSION,전남 장흥군 대덕읍 신리 1131-1번지,34.4468505,126.8504619,113804.0
8,별장민박,PENSION,전남 장흥군 안양면 수문리 53-1번지,34.636797,127.0378082,53191.0
2,대나무집,PENSION,전남 장흥군 장흥읍 평화리 85,34.6643155,126.9162492,82879.0
10,해동여관,MOTEL,전남 장흥군 장흥읍 기양리 74-1번지,34.8161909,126.4630016,119989.0
2,한솔모텔,MOTEL,전남 장흥군 장흥읍 건산리 478-23번지,34.6794,126.912874,96486.0
5,피아노모텔,MOTEL,전남 장흥군 장흥읍 건산리 737-7번지,34.6784723,126.9069943,27214.0
2,태화장모텔,MOTEL,전남 장흥군 장흥읍 건산리 722-12번지,34.679375,126.9076026,91538.0
9,탐진각 콘도모텔,HOSTEL,전남 장흥군 장흥읍 건산리 735-25,34.6792416,126.906861,87827.0
2,청풍모텔,MOTEL,전남 장흥군 장흥읍 건산리 737번지,34.6787612,126.9067527,54428.0
7,리버스모텔,MOTEL,전남 장흥군 장흥읍 건산리 741-1번지,34.6785723,126.9058139,128648.0
8,로얄여관,HOSTEL,전남 장흥군 관산읍 옥당리 484-6,34.5623326,126.9374953,63087.0
6,그랜드파크모텔,MOTEL,전남 장흥군 장흥읍 건산리 735-2번지,34.6786167,126.9074638,94012.0
11,가든장,MOTEL,전남 장흥군 장흥읍 건산리 478-1번지,34.6792666,126.912735,126174.0
10,진송관광호텔,HOTEL,전남 장흥군 장흥읍 건산리 743-1번지,34.6777279,126.9061305,45769.0
10,가인정 민박,PENSION,전남 장성군 북하면 약수리 68-1,35.4347124,126.8776079,43295.0
4,스카이청소년수련원,HOSTEL,전남 장성군 북이면 오월리 114번지,34.8161909,126.4630016,49480.0
4,하늘아래첫집,PENSION,전남 장성군 서삼면 추암리 638,35.352407,126.7322519,121226.0
9,테마민박,PENSION,전남 장성군 북일면 문암리 683번지,35.3951994,126.7333931,121226.0
1,오복,PENSION,전남 장성군 북이면 수성리 488번지,35.3962932,126.8295097,50717.0
8,숲속민박,PENSION,전남 장성군 북하면 약수리 54-3,35.4357511,126.8767969,54428.0
11,수성황토방민박,PENSION,전남 장성군 북이면 수성리 282번지,35.391517,126.8329037,80405.0
6,백양산민박,PENSION,전남 장성군 북하면 약수리 78번지,35.432146,126.8864537,121226.0
10,백련동,PENSION,전남 장성군 서삼면 추암리 663번지,35.3577314,126.7276912,48243.0
6,방장산 쉼터,PENSION,전남 장성군 북이면 죽청리 552-5,35.4423664,126.7543465,75457.0
2,방장산 민박,PENSION,전남 장성군 북이면 죽청리 556-1,35.4403722,126.7552493,117515.0
11,모암민박,PENSION,전남 장성군 서삼면 모암리 355,35.3782513,126.746281,42058.0
2,대화관광농원민박,PENSION,전남 장성군 삼계면 화산리 451-1,35.2875915,126.6216066,25977.0
8,대지사슴목장집,PENSION,전남 장성군 서삼면 추암리 124번지,35.3475492,126.7395402,71746.0
7,나들민박,PENSION,전남 장성군 북하면 약수리 92,35.4345735,126.882926,145966.0
6,J모텔,MOTEL,전남 장성군 장성읍 기산리 478-24번지,35.3053458,126.7813868,33399.0
6,황룡모텔,MOTEL,전남 장성군 장성읍 기산리 214-2번지,35.3056208,126.7747569,105145.0
8,한양호텔,HAPPYHOTEL,전남 장성군 장성읍 영천리 1484-17번지,35.3054014,126.7862364,50717.0
9,하와이모텔,MOTEL,전남 장성군 장성읍 야은리 291-21번지,35.3442861,126.8172111,91538.0
4,풍진호텔,HAPPYHOTEL,전남 장성군 장성읍 야은리 433-3번지,35.3345594,126.8117867,66798.0
4,진흥각호텔,MOTEL,전남 장성군 장성읍 유탕리 1388-8,35.3219247,126.8013988,123700.0
11,조선비치호텔,HAPPYHOTEL,전남 장성군 장성읍 영천리 1476-23번지,35.3058069,126.7823451,115041.0
11,신신장 여관,HOSTEL,전남 장성군 북이면 사거리 587-76,35.4310901,126.8092668,75457.0
8,수석호텔,MOTEL,전남 장성군 장성읍 장안리 385번지,35.321619,126.7790342,122463.0
3,부광모텔,MOTEL,전남 장성군 장성읍 용강리 91-6번지,35.3504909,126.8177805,66798.0
9,백양산장,MOTEL,전남 장성군 북하면 약수리 231번지,35.4269798,126.8805932,134833.0
4,대호장 호텔,MOTEL,전남 장성군 삼계면 주산리 626-39번지,35.2507792,126.6714719,124937.0
1,뉴나포리호텔,HAPPYHOTEL,전남 장성군 삼계면 주산리 475-1번지,35.24811,126.6731384,63087.0
7,그린하우스모텔,MOTEL,전남 장성군 북하면 중평리 299번지,35.4124121,126.8859491,71746.0
11,백양관광호텔,HOTEL,전남 장성군 북하면 약수리 333-3번지,35.4111066,126.8811106,65561.0
2,은혜가족호텔,HOTEL,전남 장성군 북하면 약수리 211번지,35.4273826,126.8772802,116278.0
3,보길도 황토한옥펜션,PENSION,전남 완도군 보길면 예송리 459-1번지,34.1466464,126.5554562,63087.0
8,현대장민박,PENSION,전남 완도군 소안면 비자리 1224-1번지,34.326947,126.8042057,69272.0
4,하늘정원펜션,BNB,전남 완도군 완도읍 군내리 565-5,34.3084544,126.756235,105145.0
4,하늘정원민박(완도하늘정원펜션),PENSION,전남 완도군 완도읍 군내리 565-3번지,34.3084461,126.7556934,74220.0
5,에덴펜션,BNB,전남 완도군 신지면 대곡리,34.3477393,126.8371888,54428.0
3,세연정민박,PENSION,전남 완도군 보길면 부황리 204-3번지,34.1616309,126.5543007,134833.0
8,바다풍경펜션,PENSION,전남 완도군 약산면 해동리 925-2번지,34.3713538,126.9360131,75457.0
6,등나무펜션,BNB,전남 완도군 신지면 신리 815-11,34.3270137,126.8037918,68035.0
7,동이트는집,PENSION,전남 완도군 보길면 여항리 759번지,34.1690468,126.56763,44532.0
9,고산산장,PENSION,전남 완도군 보길면 예송리 259번지,34.1419193,126.562039,123700.0
4,크로바모텔,MOTEL,전남 완도군 노화읍 이포리 892-2번지,34.17591,126.5731379,64324.0
1,제우스모텔,MOTEL,전남 완도군 완도읍 군내리 1258-11번지,34.3193449,126.7565011,113804.0
6,장보고모텔,MOTEL,전남 완도군 완도읍 가용리 1014-3번지,34.3252136,126.756584,59376.0
4,우성모텔,MOTEL,전남 완도군 완도읍 군내리 1237-13번지,34.3189893,126.7464164,72983.0
6,아로마모텔,MOTEL,전남 완도군 완도읍 가용리 1021-5번지,34.330912,126.7478939,65561.0
10,시애틀모텔,MOTEL,전남 완도군 완도읍 가용리 1027-16번지,34.3226889,126.7478023,91538.0
4,시드니모텔,MOTEL,전남 완도군 완도읍 군내리 1260-8번지,34.3172562,126.7509077,69272.0
12,보길도의 아침,MOTEL,전남 완도군 보길면 부황리 1-32번지,34.1694829,126.567955,138544.0
4,모래뜰모텔(펜션),MOTEL,전남 완도군 신지면 신리 813-2번지,34.3278081,126.8067805,136070.0
4,리베라호텔,HAPPYHOTEL,전남 완도군 완도읍 가용리 1021-4번지,34.3241915,126.747919,94012.0
9,로망스호텔,HOTEL,전남 완도읍 해변공원로 91번길 6,34.3217141,126.7474912,89064.0
7,두바이모텔,MOTEL,전남 완도군 완도읍 군내리 1260-7번지,34.3174367,126.7508771,117515.0
12,그랑프리모텔,MOTEL,전남 완도군 완도읍 군내리 1247번지,34.3177367,126.7475024,79168.0
3,완도관광호텔,HOTEL,전남 완도군 완도읍 가용리 3-22번지,34.3271634,126.7495215,132359.0
12,동계 최기홍민박,PENSION,전남 영암군 군서면 동구림리 136번지,34.7658223,126.6267792,37110.0
11,동계 이림재민박(최인숙),PENSION,전남 영암군 군서면 동구림리 학암,34.7728902,126.6292291,68035.0
10,동계 외갓집민박(유승열),PENSION,전남 영암군 군서면 동구림리 386번지,34.7604979,126.6249461,98960.0
9,동계 영월민박(이종곤),PENSION,전남 영암군 군서면 동구림리 90-1번지,34.7652752,126.6306039,145966.0
1,동계 알뫼민박(최재경),PENSION,전남 영암군 군서면 동구림리 331-1번지,34.76157,126.623949,95249.0
6,동계 비둘기민박 (최규윤),PENSION,전남 영암군 군서면 동구림리 410번지,34.7615117,126.6292374,113804.0
1,동계 방앗간민박(최규운),PENSION,전남 영암군 군서면 동구림리 291-6번지,34.7620727,126.6270931,80405.0
5,동계 감나무집(최재신),PENSION,전남 영암군 군서면 동구림리 408번지,34.7614728,126.6316199,35873.0
1,충효민박,PENSION,전남 영암군 신북면 모산리 430번지,34.8915697,126.7015968,40821.0
10,월인당,PENSION,전남 영암군 군서면 모정리 655번지,34.7780348,126.6121721,47006.0
12,안현궁,PENSION,전남 영암군 군서면 도갑리 762-1번지,34.7826672,126.6451331,86590.0
5,낭서고택,PENSION,전남 영암군 군서면 도갑리 150번지,34.7612618,126.6467016,139781.0
4,안순자민박,PENSION,전남 영암군 군서면 동구림리 41-7번지,34.754468,126.6291762,32162.0
12,아래사위,PENSION,전남 영암군 군서면 서구림리 458-1번지,34.7642613,126.6200493,42058.0
6,보정당 민박,PENSION,전남 영암군 군서면 동구림리 401번지,34.7610228,126.6269015,28451.0
4,벽오동민박,PENSION,전남 영암군 군서면 동구림리 76번지,34.762656,126.6295041,144729.0
8,대동계사민박,PENSION,전남 영암군 군서면 서구림리 329번지,34.7594619,126.6212715,44532.0
4,월출산 펜션,PENSION,전남 영암군 영암읍 교동리 130-1번지,34.7907337,126.6924122,30925.0
1,영암펜션,BNB,전남 영암군 영암읍 회문리 21-2,34.7907337,126.6855156,54428.0
6,최종률민박,PENSION,전남 영암군 군서면 도갑리 174-13번지,34.762781,126.6369868,123700.0
2,큰사랑댁민박,PENSION,전남 영암군 군서면 동구림리 298번지,34.7607034,126.6240629,66798.0
10,최윤재민박,PENSION,전남 영암군 군서면 서구림리 304번지,34.7590591,126.620641,126174.0
3,올태바이 한옥집 민박,PENSION,전남 영암군 군서면 도갑리 157-2번지,34.7612618,126.6467016,115041.0
6,죽정사랑방,PENSION,전남 영암군 군서면 도갑리 205번지,34.7645697,126.6404521,48243.0
4,죽정기와집,PENSION,전남 영암군 군서면 도갑리 161번지,34.7619033,126.6390644,25977.0
11,조재행민박,PENSION,전남 영암군 군서면 서구림리 366-1번지,34.7608033,126.6209271,129885.0
3,정석재민박,PENSION,전남 영암군 군서면 도갑리 140번지,34.7608868,126.6401698,136070.0
8,임난식민박,PENSION,전남 영암군 군서면 도갑리 125번지,34.7630449,126.641428,96486.0
11,월출산 산악인의 집,PENSION,전남 영암군 영암읍 개신리 484-16번지,34.7780571,126.7224958,37110.0
10,월출콘도,CONDO,전남 영암군 영암읍 개신리 319-4번지,34.779418,126.7274565,133596.0
11,원행정마을,PENSION,전남 영암군 신북면 행정리,34.8794569,126.6620531,115041.0
6,시골집민박,PENSION,전남 영암군 군서면 동구림리 359번지,34.7598784,126.6229408,30925.0
12,대나무집,PENSION,전남 영암군 영암읍 개신리 412번지,34.7725386,126.7252179,54428.0
6,고인돌민박,PENSION,전남 영암군 영암읍 개신리 514-15번지,34.7765271,126.7268482,60613.0
5,황금모텔,MOTEL,전남 영암군 미암면 채지리 128번지,34.7248071,126.576653,129885.0
5,화이트 모텔,MOTEL,전남 영암군 군서면 도갑리 205번지,34.7645697,126.6404521,128648.0
11,호수장,MOTEL,전남 영암군 삼호읍 산호리 853-4번지,34.7717236,126.4695846,38347.0
2,한남각,MOTEL,전남 영암군 삼호읍 나불리 317번지,34.7803421,126.4668842,145966.0
6,필모텔,MOTEL,전남 영암군 삼호읍 산호리 583-33번지,34.7506622,126.47344,68035.0
4,프리마모텔,MOTEL,전남 영암군 삼호읍 삼포리 1014번지,34.7381437,126.3894197,127411.0
10,태평양모텔,MOTEL,전남 영암군 삼호읍 용당리 1467번지,34.7522949,126.3861337,138544.0
4,월출산장 호텔,MOTEL,전남 영암군 군서면 도갑리 64번지,34.7545209,126.6609069,43295.0
8,월드모텔,MOTEL,전남 영암군 삼호읍 용당리 1467-1번지,34.7522949,126.3861337,128648.0
7,아시아나모텔,MOTEL,전남 영암군 삼호읍 산호리 1259-6번지,34.7660882,126.4663821,97723.0
3,숲속의 궁전,MOTEL,전남 영암군 삼호읍 용당리 107-2번지,34.7564195,126.4033516,91538.0
2,소프트호텔,MOTEL,전남 영암군 영암읍 대신리 560번지,34.8108038,126.709794,138544.0
12,삼호장 모텔,MOTEL,전남 영암군 영암읍 동무리 107-50번지,34.8010881,126.6994338,129885.0
12,별장모텔,MOTEL,전남 영암군 삼호읍 삼포리 1079-4번지,34.7389209,126.3908278,138544.0
4,바로그모텔,MOTEL,전남 영암군 학산면 금계리 1108-1번지,34.7292706,126.5824639,91538.0
12,모텔스카이,MOTEL,전남 영암군 삼호읍 용당리 783번지,34.755314,126.3966405,56902.0
5,리젠시모텔,MOTEL,전남 영암군 영암읍 남풍리 3-21번지,34.797733,126.7021447,56902.0
5,르네상스모텔,MOTEL,전남 영암군 영암읍 회문리 197-5번지,34.7953832,126.6851045,106382.0
3,독천모텔,MOTEL,전남 영암군 학산면 금계리 1108번지,34.7288206,126.5817307,59376.0
5,과수원모텔,MOTEL,전남 영암군 군서면 월곡리 378-10번지,34.7856813,126.6571931,63087.0
7,강변장 모텔,MOTEL,전남 영암군 삼호읍 산호리 96-15번지,34.7414993,126.4811727,69272.0
7,호텔현대,HOTEL,전남 영암군 삼호읍 삼포리 1237-6번지,34.7385879,126.3872476,102671.0
7,백수해안펜션,BNB,전남 영광군 백수읍 백암리 582,35.3116153,126.3770085,117515.0
11,백수해안 답동펜션,PENSION,전남 영광군 백수읍 백암리 581-1번지,35.3111654,126.377014,111330.0
9,현대민박,PENSION,전남 영광군 홍농읍 계마리 880-29번지,35.3969309,126.4063219,87827.0
6,푸른민박,PENSION,전남 영광군 염산면 두우리 703번지,35.2367151,126.3048792,115041.0
12,전남민박,PENSION,전남 영광군 홍농읍 계마리 823-1번지,35.3978364,126.4175792,80405.0
1,장모님댁민박,PENSION,전남 영광군 염산면 두우리 741번지,35.2365402,126.3055347,91538.0
4,성미민박,PENSION,전남 영광군 홍농읍 계마리 894-4번지,35.3958338,126.405022,71746.0
11,석구미민박,PENSION,전남 영광군 백수읍 백암리 527번지,35.3253527,126.3847188,43295.0
4,바다민박,PENSION,전남 영광군 백수읍 백암리 60-3번지,35.334104,126.3823134,76694.0
9,노을민박,PENSION,영광군 홍농읍 계마리 가마미안길 38  889-1번지,35.3954172,126.4063719,55665.0
2,고향민박,PENSION,전남 영광군 염산면 두우리 744번지,35.2365735,126.3054597,97723.0
7,태정모텔,MOTEL,전남 영광군 영광읍 백학리 47번지,35.2762173,126.5096082,39584.0
3,카리브모텔,MOTEL,전남 영광군 영광읍 신하리 830-1번지,35.2741868,126.5014033,71746.0
3,천지모텔,MOTEL,전남 영광군 홍농읍 진덕리 879-2번지,35.4060746,126.4540199,126174.0
6,신라모텔,MOTEL,전남 영광군 영광읍 신하리 6-1번지,35.2748174,126.5022311,111330.0
7,시카고모텔,MOTEL,전남 영광군 영광읍 단주리 629-14,35.2775726,126.4993702,72983.0
4,블랙앤화이트,BNB,전남 영광군 영광읍 신하리 831-2,35.2807776,126.5007978,113804.0
11,반도모텔,MOTEL,전남 영광군 법성면 법성리 1150-4번지,35.3547192,126.4502434,68035.0
11,미성모텔,MOTEL,전남 영광군 영광읍 신하리 828-2번지,35.27562,126.5001368,30925.0
2,로얄모텔,MOTEL,전남 영광군 영광읍 신하리 831-12번지,35.2803327,126.5005784,61850.0
1,도원모텔,MOTEL,전남 영광군 영광읍 신하리 93-1번지,35.2730203,126.4973093,96486.0
2,도우미모텔,MOTEL,전남 영광군 홍농읍 칠곡리 34-23번지,35.3903513,126.4409384,139781.0
4,궁전파크,MOTEL,전남 영광군 영광읍 남천리 144,35.2758006,126.5089722,84116.0
1,영광글로리관광호텔,HOTEL,전남 영광군 영광읍 녹사리 8번지,35.2704095,126.5069835,133596.0
10,디오션 콘도미니엄,CONDO,전남 여수시 소호동 산 99번지,34.7318618,127.6434105,105145.0
10,카프 아일랜드,PENSION,전남 여수시 만흥동  141-1번지,34.7724412,127.7470789,123700.0
2,종점펜션,PENSION,전남 여수시 돌산읍 율림리 39-1번지,34.6079402,127.7871296,48243.0
11,하얀집민박,PENSION,전남 여수시 화양면 장수리 956-3번지,34.6520426,127.5804055,134833.0
1,풍경화펜션,PENSION,전남 여수시 돌산읍 율림리 450-5번지,34.6063432,127.7868573,53191.0
9,토방마루,PENSION,전남 여수시 화양면 장수리 910번지 수문마을,34.6489597,127.6057505,144729.0
3,쌍둥이네흙집,PENSION,전남 여수시 돌산읍 금봉리 556(속전마을),34.6347954,127.7431081,127411.0
1,별바다펜션,PENSION,전남 여수시 돌산읍 평사리 988-36번지,34.6570568,127.7335365,132359.0
5,몽돌이야기민박,PENSION,전남 여수시 돌산읍 평사리 1255-3번지,34.6816709,127.7758133,115041.0
12,동해산장,PENSION,전남 여수시 돌산읍 죽포리 309-7번지,34.6424864,127.7891568,132359.0
10,대전민박,PENSION,전남 여수시 남면 심장리 41,34.5013492,127.7671155,106382.0
1,고도민박,PENSION,전남 여수시 삼산면 거문리 87-7,34.0277854,127.3097752,143492.0
11,MK호텔,HOTEL,전남 여수시 학동  200-6번지,34.7567341,127.6626972,111330.0
12,GS모텔,MOTEL,전남 여수시 여서동  229-5번지,34.7522904,127.7044967,86590.0
1,힐하우스호텔,HAPPYHOTEL,전남 여수시 학동  200-20번지,34.756448,127.6608083,42058.0
4,힐사이드모텔,MOTEL,전남 여수시 화양면 나진리 412-3번지,34.7043198,127.6122578,139781.0
2,힐모텔,MOTEL,전남 여수시 학동 37-6번지,34.7646443,127.6651277,45769.0
7,휘가로모텔,MOTEL,전남 여수시 봉산동 259-1번지,34.7430102,127.7257782,54428.0
2,황제파크모텔,MOTEL,전남 여수시 오림동 404-6번지,34.7572927,127.7152651,142255.0
9,황금장,MOTEL,전남 여수시 수정동 343-6번지,34.7489546,127.7502788,128648.0
12,화신각모텔,MOTEL,전남 여수시 학동 81-6번지,34.7609253,127.6658166,68035.0
12,모텔 머루장,MOTEL,전남 여수시 오림동 404-7번지,34.7573232,127.7151262,90301.0
8,모텔 나산각,MOTEL,전남 여수시 오림동 406-17번지,34.7575371,127.7165456,85353.0
8,황토방,MOTEL,전남 여수시 돌산읍 율림리 18-7번지,34.5947974,127.8035533,65561.0
6,해와달모텔,MOTEL,전남 여수시 돌산읍 율림리 2-5번지,34.6030047,127.7864158,91538.0
8,한솔모텔,MOTEL,전남 여수시 돌산읍 율림리 50-5번지,34.598047,127.8001396,51954.0
6,한성장,MOTEL,전남 여수시 봉산동 273-29번지,34.7325732,127.7217343,27214.0
7,하토르모텔,MOTEL,전남 여수시 화장동  798-8번지,34.7775401,127.6501984,63087.0
6,하얏트 모텔,MOTEL,전남 여수시 학동 99-4번지,34.7593227,127.6642306,63087.0
10,프린스모텔,MOTEL,전남 여수시 학동 181-2번지,34.7569702,127.6655805,47006.0
5,프랑스호텔,MOTEL,전남 여수시 학동 200-15번지,34.7565814,127.6593117,45769.0
1,프라다호텔,MOTEL,전남 여수시 학동 200-12번지,34.7568786,127.6597116,34636.0
12,포시즌모텔,MOTEL,전남 여수시 여서동 223-3번지,34.7544652,127.7072686,72983.0
4,팔레스모텔,MOTEL,전남 여수시 봉산동 257-1번지,34.7345953,127.7246784,59376.0
5,팔도장,MOTEL,전남 여수시 공화동 1087-1번지,34.7447526,127.7413879,129885.0
12,파파야모텔,MOTEL,전남 여수시 봉산동 276-3번지,34.73214,127.7239479,97723.0
6,파크모텔,MOTEL,전남 여수시 학동 37-4번지,34.7647194,127.6645584,115041.0
3,파라다이스모텔,MOTEL,전남 여수시 학동 178-8번지,34.7579702,127.6644389,43295.0
9,트윈스파크 모텔,MOTEL,전남 여수시 미평동 568-13번지,34.767983,127.7017245,131122.0
1,타워각,MOTEL,전남 여수시 학동 40-4번지,34.7659248,127.6645611,37110.0
1,킹덤모텔,MOTEL,전남 여수시 봉산동 262-11번지,34.7327983,127.723409,115041.0
3,코모도모텔,MOTEL,전남 여수시 여서동 451번지,34.7510572,127.7010497,77931.0
1,코리아모텔,MOTEL,전남 여수시 율촌면 월산리 1406-3번지,34.8784867,127.5712516,40821.0
7,케인즈모텔,MOTEL,전남 여수시 학동 78-8번지,34.7619697,127.6701125,70509.0
8,캐슬모텔,MOTEL,전남 여수시 봉산동 275-16번지,34.732351,127.7230868,94012.0
1,칼튼모텔,MOTEL,전남 여수시 둔덕동 504-1번지,34.7674804,127.7012829,82879.0
7,칸모텔,HOSTEL,전남 여수시 화장동 794-3,34.7758181,127.6558366,86590.0
2,카프리모텔,MOTEL,전남 여수시 화장동 797-5번지,34.7770374,127.6499317,128648.0
6,카라모텔,HOSTEL,전남 여수시 선원동 1277-6,34.7758264,127.6506651,85353.0
10,천마모텔,MOTEL,전남 여수시 돌산읍 평사리 779-6번지,34.6748937,127.7635255,131122.0
11,젠모텔,MOTEL,전남 여수시 돌산읍 평사리 1221-12번지,34.6810654,127.7664113,144729.0
9,제우스모텔,MOTEL,전남 여수시 봉산동 261-10번지,34.7325621,127.7239396,131122.0
2,자이모텔,MOTEL,전남 여수시 학동 200-18번지,34.7564925,127.6655299,55665.0
12,일출모텔,MOTEL,전남 여수시 돌산읍 율림리 4번지,34.5947085,127.8042615,80405.0
10,유성모텔,HOSTEL,전남 여수시 중앙동 820,34.7394642,127.7350052,37110.0
11,월드파크모텔,MOTEL,전남 여수시 봉산동 277-3번지,34.7319011,127.7245812,55665.0
1,우정각모텔,MOTEL,전남 여수시 학동 83-2번지,34.760967,127.6649888,145966.0
8,오페라모텔,MOTEL,전남 여수시 돌산읍 우두리 1053번지,34.7198221,127.7498985,64324.0
8,오션파크,MOTEL,전남 여수시 공화동 1046-1번지,34.7450497,127.7427211,24740.0
6,오동도펜션,PENSION,전남 여수시 종화동 458번지,34.7376978,127.7470236,55665.0
11,예성각,MOTEL,전남 여수시 학동 44-5번지,34.7654998,127.6622197,123700.0
3,시드니 모텔,MOTEL,전남 여수시 오림동 406-8번지,34.7572816,127.7170344,33399.0
7,여정파크모텔,MOTEL,전남 여수시 봉산동 275-15번지,34.7320622,127.7228869,63087.0
6,에쿠스모텔,MOTEL,전남 여수시 봉산동 275-1번지,34.7326121,127.7231979,89064.0
8,에이스모텔,MOTEL,전남 여수시 화장동 796-5번지,34.7773817,127.649454,37110.0
5,렉시모텔,MOTEL,전남 여수시 봉산동  247-10번지,34.7346925,127.7250922,65561.0
10,언덕마루,MOTEL,전남 여수시 돌산읍 율림리 18-2번지,34.5947974,127.8035533,47006.0
1,알프스모텔,MOTEL,전남 여수시 봉산동 277-11번지,34.7314678,127.7238896,134833.0
1,아테네모텔,MOTEL,전남 여수시 봉산동 262-8번지,34.7329899,127.7235424,98960.0
11,아일랜드호텔,MOTEL,전남 여수시 학동 200-11번지,34.7568647,127.6595033,47006.0
11,아이젠모텔,MOTEL,전남 여수시 봉산동 275-7번지,34.7317484,127.7229286,124937.0
6,아레스모텔,MOTEL,전남 여수시 문수동 113-6번지,34.754854,127.7057327,126174.0
11,썬하우스 호텔,MOTEL,전남 여수시 학동 200-13번지,34.7566286,127.6597977,43295.0
11,썬플라워모텔,MOTEL,전남 여수시 봉산동 257-12번지,34.7424272,127.7245977,92775.0
8,스카이모텔,MOTEL,전남 여수시 교동 454번지,34.7398142,127.7340497,132359.0
3,스위트모텔,MOTEL,전남 여수시 둔덕동 504-8번지,34.7671887,127.7017968,64324.0
1,스위스모텔,MOTEL,전남 여수시 학동 182-4번지,34.7569036,127.6647362,122463.0
9,수정모텔,MOTEL,전남 여수시 학동 81-1번지,34.7612559,127.6649805,66798.0
9,세화장,MOTEL,전남 여수시 수정동 343-5번지,34.7492326,127.750476,54428.0
3,성보장,HOSTEL,전남 여수시 봉산동 247-2,34.7351368,127.7243034,97723.0
5,서울모텔,MOTEL,전남 여수시 선원동 1278-5번지,34.7760264,127.6503512,66798.0
10,삼호장,MOTEL,전남 여수시 공화동 1043-1,34.7449053,127.7429072,76694.0
9,삼정모텔,MOTEL,전남 여수시 학동 76-4번지,34.7623835,127.6660054,98960.0
2,비젼모텔,MOTEL,전남 여수시 학동 74-4번지,34.7618446,127.6645806,49480.0
10,브라보모텔,MOTEL,전남 여수시 율촌면 취적리 713-5번지,34.8611027,127.5915389,107619.0
1,보보스모텔,MOTEL,전남 여수시 돌산읍 우두리 1028-1번지,34.7212413,127.7507095,59376.0
4,벤츠모텔,HOSTEL,전남 여수시 둔덕동 504-2,34.7673331,127.7015801,128648.0
7,나폴리모텔,MOTEL,전남 여수시 봉산동 261-21번지,34.735678,127.7245284,35873.0
6,백운모텔,MOTEL,전남 여수시 공화동 1256-3번지,34.7456331,127.7432434,113804.0
8,백림모텔,MOTEL,전남 여수시 돌산읍 율림리 18-3번지,34.6031101,127.803317,76694.0
5,반도장,MOTEL,전남 여수시 관문동 669번지,34.7428778,127.7412519,74220.0
7,바다가 있는 풍경,MOTEL,전남 여수시 돌산읍 율림리 15-2번지,34.5951362,127.8030977,107619.0
10,씨에프모텔(CF모텔),MOTEL,전남 여수시 봉산동 262-19번지,34.7342891,127.7240228,121226.0
5,컴모텔,MOTEL,전남 여수시 학동 178-8번지,34.7579702,127.6644306,122463.0
3,모텔 티,MOTEL,전남 여수시 교동 534번지,34.7398364,127.7330081,32162.0
10,모텔 크로바,MOTEL,전남 여수시 봉산동 246-13번지,34.7345842,127.7253533,141018.0
1,모텔 칸(모텔 KHAN),HOSTEL,전남 여수시 화장동 797-2,34.7765902,127.6494902,49480.0
5,모텔 워커힐,MOTEL,전남 여수시 학동 181-3번지,34.7570258,127.6657639,58139.0
12,모텔 아그네스,MOTEL,전남 여수시 화장동 797-3번지,34.7767318,127.6496374,76694.0
11,모텔 식스,MOTEL,전남 여수시 화장동 796-11번지,34.7767902,127.6492096,94012.0
11,모텔 베니스,MOTEL,전남 여수시 봉산동 258-15번지,34.7392606,127.7250672,91538.0
7,모텔 마이다스,MOTEL,전남 여수시 봉산동 260-20번지,34.7324677,127.7246145,32162.0
2,맨하탄 모텔,MOTEL,전남 여수시 학동 94-9번지,34.7585451,127.6647417,136070.0
9,마이하우스,MOTEL,전남 여수시 여서동 229번지,34.7519072,127.703794,106382.0
10,리젠트 모텔,HOSTEL,전남 여수시 오림동 404-5,34.7572399,127.7155429,113804.0
12,리오모텔,MOTEL,전남 여수시 봉산동 260-17번지,34.7328844,127.7248951,116278.0
7,리베라모텔,MOTEL,전남 여수시 학동 81-8번지,34.7607532,127.6661221,89064.0
1,리모텔,HOSTEL,전남 여수시 여서동 229-3,34.7521404,127.7042244,32162.0
10,루비모텔,MOTEL,전남 여수시 돌산읍 우두리 1028-2번지,34.7211413,127.7509373,117515.0
6,로젠모텔,MOTEL,전남 여수시 미평동 574-9번지,34.7652029,127.7032855,107619.0
7,로얄모텔,MOTEL,전남 여수시 오림동 407-14번지,34.7573149,127.7162595,38347.0
5,로부모텔,MOTEL,전남 여수시 미평동 570-3번지,34.767172,127.7029744,92775.0
1,로또모텔,MOTEL,전남 여수시 여서동 236-3번지,34.7518266,127.7035884,43295.0
8,라스베가스모텔,MOTEL,전남 여수시 충무동 524-3번지,34.7413168,127.7310167,38347.0
7,등래각모텔,MOTEL,전남 여수시 학동 44-4번지,34.7653081,127.6622253,136070.0
2,드림모텔,MOTEL,전남 여수시 미평동 568-8번지,34.768133,127.7018579,95249.0
1,두바이모텔,MOTEL,전남 여수시 오림동 406-18번지,34.7574649,127.7167289,53191.0
12,동궁각여관,MOTEL,전남 여수시 돌산읍 우두리 703-2번지,34.727574,127.7438462,108856.0
9,니오모텔,MOTEL,전남 여수시 학동 95-9번지,34.75922,127.6645501,139781.0
6,뉴월드모텔,MOTEL,전남 여수시 학동 177-3번지,34.7579257,127.6639502,63087.0
6,낙원장,MOTEL,전남 여수시 수정동 299번지,34.7492876,127.7495678,96486.0
3,꿈모텔,MOTEL,전남 여수시 수정동 278-1번지,34.7419668,127.7516704,129885.0
4,금창모텔,MOTEL,전남 여수시 봉산동 276-10번지,34.7319678,127.7235202,137307.0
9,그랑프리모텔,MOTEL,전남 여수시 봉산동 276-13번지,34.7313484,127.7233841,139781.0
12,귀빈각,MOTEL,전남 여수시 돌산읍 우두리 656-7번지,34.7213441,127.7570729,101434.0
7,궁전모텔,MOTEL,전남 여수시 봉산동 471-7번지,34.7330399,127.7253755,141018.0
4,궁실장,MOTEL,전남 여수시 공화동 720번지,34.7472606,127.7436794,29688.0
7,여수 궁무인텔,MOTEL,전남 여수시 돌산읍 우두리 1068-8,34.7200832,127.7512012,38347.0
8,굿모닝모텔,MOTEL,전남 여수시 학동 178-10번지,34.7581506,127.6641473,87827.0
5,고향모텔,MOTEL,전남 여수시 돌산읍 율림리 17번지,34.5946196,127.8033616,110093.0
11,고궁파크,MOTEL,전남 여수시 여서동 221-8번지,34.7549318,127.707513,32162.0
5,거북모텔,MOTEL,전남 여수시 돌산읍 율림리 2-11번지,34.5953056,127.8047643,77931.0
4,가인모텔,MOTEL,전남 여수시 관문동 989번지,34.745233,127.7404269,55665.0
5,가든모텔,MOTEL,전남 여수시 학동 76-5번지,34.7628751,127.6659721,63087.0
4,비앤비치 관광호텔,HOTEL,전남 여수시 학동 200-14번지,34.7566036,127.659545,81642.0
11,샹보르관광호텔,HOTEL,전남 여수시 공화동 1054-1번지,34.7448276,127.7423935,122463.0
3,벨라지오관광호텔,HOTEL,전남 여수시 학동 200-19번지,34.756473,127.6631131,106382.0
8,은혜민박,PENSION,전남 신안군 임자면 광산리 467번지,35.1011126,126.0553883,59376.0
12,은동통나무집,PENSION,전남 신안군 임자면 이흑암리 1502번지,35.0691606,126.10099,105145.0
11,우리집민박,PENSION,전남 신안군 도초면 우이도리 245,34.6176577,125.8519646,98960.0
12,설희네민박,PENSION,전남 신안군 도초면 우이도리 172-26번지,34.6130664,125.843271,58139.0
6,산야해펜션,PENSION,전남 신안군 지도읍  426-3,35.0529467,126.2579596,49480.0
7,대광민박,PENSION,전남 신안군 임자면 광산리 407-10번지,35.1102668,126.0639401,40821.0
9,현대장,MOTEL,전남 신안군 증도면 증동리 1727-3번지,35.0013215,126.1399509,54428.0
11,해비치모텔,MOTEL,전남 신안군 임자면 대기리 2523-18번지,35.1093229,126.074056,124937.0
2,편안한모텔,횟집,MOTEL,전남 신안군 임자면 대기리 2523-12번지,35.1028374,126.0731589,45769.0
8,일번지모텔,MOTEL,전남 신안군 지도읍 읍내리 81-1번지,35.0677865,126.2005312,59376.0
12,이학장,MOTEL,전남 신안군 증도면 증동리 1691-7번지,35.0020741,126.1404925,71746.0
6,유랜드모텔,MOTEL,전남 신안군 임자면 대기리 2523번지,35.1109607,126.0739116,97723.0
11,우성장,MOTEL,전남 신안군 지도읍 읍내리 570번지,35.0443028,126.2041478,42058.0
1,신안장,PENSION,전남 신안군 지도읍 읍내리 351,35.0572155,126.2051837,122463.0
7,산호장,PENSION,전남 신안군 흑산면 예리 173,34.6873289,125.445536,137307.0
8,순천시청소년수련소,HOSTEL,전남 순천시 서면 운평리 774-1번지,35.0458536,127.4732921,75457.0
10,한국풍경,PENSION,전남 순천시 송광면 우산리 1130-1번지,34.971649,127.2255366,143492.0
4,토마토빌리지,PENSION,전남 순천시 상사면 쌍지리 451-1번지,34.9249084,127.4051907,96486.0
8,장안재,PENSION,전남 순천시 송광면 장안리 445번지,34.9742857,127.3006078,100197.0
1,엄마농원민박,PENSION,전남 순천시 서면 송치길 49  901-2번지,35.0484141,127.4195774,40821.0
2,왕대민박,PENSION,전남 순천시 송광면 삼청리 763번지,35.0278375,127.2072572,39584.0
7,실로암민박,PENSION,전남 순천시 낙안면 동내리 466-5번지,34.9065463,127.3433741,64324.0
5,순천만펜션민박,PENSION,전남 순천시 교량동  616-9번지,34.8961317,127.5178756,33399.0
7,서문안민박,PENSION,전남 순천시 낙안면 서내리 104-2,34.9084265,127.3376939,58139.0
5,민속민박,PENSION,전남 순천시 낙안면 동내리 379,34.906138,127.3425519,45769.0
11,나그네가든민박,PENSION,전라남도 순천시 상사면 모금산길 10,34.9358628,127.4219364,50717.0
2,CF모텔,MOTEL,전남 순천시 연향동 1329-6번지,34.953067,127.5205277,105145.0
8,BMW,MOTEL,전남 순천시 장천동 19-3번지,34.9459537,127.4912498,138544.0
8,황금장여관,MOTEL,전남 순천시 풍덕동 882-3번지,34.9449428,127.500449,112567.0
5,화이트모텔,MOTEL,전남 순천시 연향동 1331-8번지,34.9522421,127.5208471,92775.0
6,허브모텔,MOTEL,전남 순천시 장천동 18-51번지,34.9468037,127.4915719,27214.0
3,하얏트호텔,MOTEL,전남 순천시 가곡동  986-8번지,34.9754949,127.4816004,48243.0
2,필모텔,MOTEL,전남 순천시 조례동 1597-6번지,34.9548744,127.5234108,54428.0
12,피아노모텔,MOTEL,전남 순천시 덕암동 188-18번지,34.9445984,127.5050014,81642.0
2,피닉스호텔,HAPPYHOTEL,전남 순천시 가곡동 986-6,34.9752032,127.4817532,51954.0
5,프라자모텔,MOTEL,전남 순천시 연향동 1320-9번지,34.9520921,127.5175752,28451.0
8,파스텔모텔,MOTEL,전남 순천시 조례동 1597-5번지,34.9544585,127.5232663,61850.0
8,투앤포모텔,MOTEL,전남 순천시 조례동  1596-2번지,34.9576801,127.5227913,107619.0
4,테라칸,MOTEL,전남 순천시 연향동 1332-5번지,34.9521226,127.5213665,92775.0
10,캣츠모텔,MOTEL,전남 순천시 연향동 1691-5번지,34.9345437,127.521319,128648.0
5,카프리모텔,MOTEL,전남 순천시 조례동 1596-11번지,34.9577351,127.5234469,139781.0
10,초원장,MOTEL,전남 순천시 승주읍 죽학리 758번지,34.99222,127.3436678,136070.0
3,줄리엣호텔,HAPPYHOTEL,전남 순천시 풍덕동  290-15,34.9408572,127.5077456,54428.0
11,조선각모텔,MOTEL,전남 순천시 장천동 32-1번지,34.9492756,127.4908664,90301.0
1,까르페 모텔,MOTEL,전남 순천시 조례동  1596-10번지,34.9581801,127.5235997,64324.0
11,이젠모텔,MOTEL,전남 순천시 조례동 1592-2번지,34.9546724,127.524769,75457.0
6,이사벨모텔,MOTEL,전남 순천시 장천동 41-1번지,34.9499005,127.4942383,144729.0
4,이바마모텔,MOTEL,전남 순천시 연향동 1689-5번지,34.9397371,127.5200691,86590.0
11,오페라모텔,MOTEL,전남 순천시 조례동 960-1번지,34.9614411,127.5242626,37110.0
1,엠존모텔,MOTEL,전남 순천시 동외동  198-26번지,34.9585051,127.4865612,108856.0
2,엠버서더모텔,MOTEL,전남 순천시 덕월동 1251-2번지,34.9216092,127.4729293,69272.0
7,엘레강스모텔,MOTEL,전남 순천시 동외동  177번지,34.9576635,127.4869612,82879.0
11,에쿠스호텔,HOTEL,전남 순천시 조례동 948-1번지,34.9597052,127.5212908,44532.0
5,순천 알프스모텔,MOTEL,전남 순천시 연향동 1321-3번지,34.951695,127.5176807,77931.0
4,아이젠모텔,MOTEL,전남 순천시 연향동 1329-7번지,34.9529864,127.5202194,61850.0
7,아우디모텔,MOTEL,전남 순천시 연향동 1687-1번지,34.9344441,127.5177226,145966.0
5,아비숑모텔,MOTEL,전남 순천시 장천동 14-11번지,34.9496228,127.4909442,96486.0
6,Hotel 여기 어때,MOTEL,전남 순천시 연향동 1691-3번지,34.9353766,127.5178391,38347.0
5,썬호텔,HAPPYHOTEL,전남 순천시 장천동 31-18번지,34.9487284,127.4891943,53191.0
6,신라모텔,MOTEL,전남 순천시 연향동 1320-10번지,34.9516005,127.5173391,82879.0
10,스카이모텔,MOTEL,전남 순천시 조례동 950-3번지,34.9603245,127.5249855,102671.0
4,순천각호텔,HAPPYHOTEL,전남 순천시 동외동  101-2,34.9558193,127.4863556,86590.0
3,송광여관,MOTEL,전남 순천시 송광면 신평리 132번지,35.0055376,127.2647606,29688.0
11,사파이어,MOTEL,전남 순천시 연향동 1332-6번지,34.9519671,127.5213693,56902.0
8,보보스모텔,MOTEL,전남 순천시 조례동  1694-9번지,34.9561111,127.5198944,91538.0
3,벨라지오호텔,MOTEL,전남 순천시 풍덕동  290-14번지,34.9408183,127.509959,100197.0
9,코코 모텔,MOTEL,전남 순천시 풍덕동 1264-13번지,34.9444289,127.4966104,113804.0
11,버킹검모텔,MOTEL,전남 순천시 조례동 1722-15번지,34.9544141,127.5194472,68035.0
10,밀라노모텔,MOTEL,전남 순천시 조례동  1603-4번지,34.9604578,127.5251995,131122.0
7,미라클모텔,MOTEL,전남 순천시 조곡동 155-12번지,34.9462371,127.4995684,116278.0
3,호텔탑,HAPPYHOTEL,전남 순천시 별량면금치리  1307-6,34.8460949,127.3806824,111330.0
11,모텔칸,MOTEL,전남 순천시 조례동 1596-6번지,34.9594579,127.5233691,50717.0
4,모텔몬타나,MOTEL,전남 순천시 풍덕동 1261-8번지,34.9468315,127.4946356,128648.0
8,리무진모텔,MOTEL,전남 순천시 조례동  1722-14번지,34.9543836,127.5192917,119989.0
5,리멤버호텔,MOTEL,전남 순천시 조례동 1601-11번지,34.9600689,127.5239995,113804.0
5,로미오모텔,MOTEL,전남 순천시 풍덕동  290-7번지,34.9407877,127.5131527,63087.0
4,V7 호텔,MOTEL,전남 순천시 조례동 950-1번지,34.9603745,127.5234576,105145.0
5,럭셔리호텔,MOTEL,전남 순천시 조곡동 152-10번지,34.9469565,127.5035145,28451.0
7,호텔얌순천연향점,MOTEL,전남 순천시 연향동 1329-9번지,34.9544775,127.5206776,29688.0
9,다저스모텔,MOTEL,전남 순천시 연향동 1338-1번지,34.9516589,127.5194556,134833.0
8,다이아몬드모텔,MOTEL,전남 순천시 조례동 956-6번지,34.9610244,127.5240126,76694.0
8,금광여관,MOTEL,전남 순천시 송광면 신평리 132번지,35.0055376,127.2647606,136070.0
9,그리스모텔,MOTEL,전남 순천시 조례동  951-14번지,34.9603079,127.517775,81642.0
11,궁전모텔,MOTEL,전남 순천시 낙안면 동내리 471-1번지,34.9062907,127.3437406,133596.0
9,유심천스포츠관광호텔,HOTEL,전남 순천시 중앙로 306 (가곡동 1002-1),34.9728313,127.4828336,32162.0
1,보성다비치콘도,CONDO,전남 보성군 회천면 충의로 36,34.671174,127.091145,53191.0
7,보성황토펜션,BNB,전남 보성군 회천면 회령리 577,34.6726515,127.0650334,71746.0
1,녹차향펜션,BNB,전남 보성군 회천면 율포리 317,34.6710156,127.0861177,96486.0
11,꽃뜰펜션,PENSION,전남 보성군 회천면 회령리 751-3,34.68007,127.0554814,68035.0
2,그린빌펜션,PENSION,전남 보성군 보성읍 봉산리 1163번지,34.7527122,127.1097872,51954.0
8,청우황토펜션,PENSION,전남 보성군 보성읍 사동길 52-2,34.7248207,127.089492,70509.0
4,징광문화원,PENSION,전남 보성군 벌교읍 원징광길 39,34.8572403,127.281066,81642.0
3,종현이네 민박,HOSTEL,전남 보성군 회천면 율포리 417,34.668577,127.084715,122463.0
10,비치민박,PENSION,전남 보성군 회천면 남부관광로 2303,34.6690658,127.0858705,90301.0
10,보성군 해바라기 펜션,PENSION,전남 보성군 보성읍 봉산리 1145번지,34.725043,127.0909863,69272.0
12,보성군 여름향기 민박,PENSION,전남 보성군 문덕면 운곡리 277-2번지,34.9450772,127.1856532,137307.0
2,보성군 쉼터민박,PENSION,전남 보성군 회천면 남부관광로 2305-3,34.6692131,127.0853872,56902.0
5,보성군 다도락민박,PENSION,전남 보성군 회천면 영천리 437-10번지,34.6955795,127.0751045,91538.0
9,보성군 갈멜농원 펜션,PENSION,전남 보성군 웅치면 봉산리 106번지,34.7016537,127.0536981,106382.0
9,보성 그린티하우스,PENSION,전남 보성군 득량면 예당리 966,34.7755317,127.1907078,55665.0
12,두메산골,PENSION,전남 보성군 웅치면 유봉길 74,34.7068615,127.0536619,30925.0
3,초은당,PENSION,전남 보성군 회천면 영천길 247-23,34.6993763,127.0742157,110093.0
11,테마모텔,MOTEL,전남 보성군 보성읍 보성리 880-9번지,34.7681715,127.0818257,25977.0
8,진보모텔,MOTEL,전남 보성군 득량면 예당역전길  8,34.7796569,127.2014624,103908.0
8,용궁모텔,MOTEL,전남 보성군 회천면 율포리 475-5번지,34.6707351,127.0869037,131122.0
9,옥섬비치모텔,HOSTEL,전남 보성군 회천면 전일리 905-1,34.6396967,127.0474213,134833.0
11,아리아모텔,MOTEL,전남 보성군 보성읍 주봉리 391번지,34.765705,127.0746708,54428.0
5,보성관광모텔,MOTEL,전남 보성군 보성읍 현충로 15-1번지,34.7651713,127.0744902,84116.0
7,백악관모텔,MOTEL,전남 보성군 보성읍  현충로 32-12,34.7641497,127.0772372,64324.0
10,금호장,MOTEL,전남 보성군 보성읍 주봉리 389-13번지,34.7650329,127.0763039,77931.0
2,그랜드모텔,MOTEL,전남 보성군 벌교읍 벌교리 883-31번지,34.8444138,127.3474575,113804.0
12,굿모닝모텔,MOTEL,전남 보성군 보성읍 보성리 889-1번지,34.7679326,127.0829117,68035.0
10,광일장 모텔,HOSTEL,전남 보성군 보성읍 보성리 762-1,34.7700434,127.0811647,77931.0
11,약실 박금순 한옥,PENSION,전남 무안군 몽탄면 약곡리 192번지,34.9073391,126.4901652,72983.0
8,약실 당귀민박(박재일),PENSION,전남 무안군 몽탄면 약곡리 119번지,34.9082335,126.4922262,42058.0
1,약실 김야무 한옥,PENSION,전남 무안군 몽탄면 약곡리 276번지,34.90915,126.490418,74220.0
3,석북 감풀체험관,PENSION,전남 무안군 현경면 수양리 46번지,35.0213038,126.4118825,35873.0
6,복룡 김순례 한옥,PENSION,전남 무안군 일로읍 복룡리,34.8675182,126.5362587,74220.0
9,참새골황토펜션,BNB,전남 무안군 해제면 창매리 859-32,35.0614459,126.2913697,49480.0
9,송계어촌체험관 민박,PENSION,전남 무안군 해제면 송석리 30-4번지,35.1601514,126.3408767,133596.0
8,무안군 태공민박(빨간지붕),PENSION,전남 무안군 해제면 만풍리 68-6번지,35.1199895,126.327678,97723.0
5,무안군 바람의 바다 펜션,PENSION,전남 무안군 현경면 오류리 916-56,35.0625627,126.3420938,66798.0
2,무안군 바다민박,PENSION,전남 무안군 해제면 만풍리 1-4번지,35.1364011,126.3434265,42058.0
12,무안군 무화당 민박,PENSION,전남 무안군 청계면 월선리 650번지,34.8887466,126.453613,58139.0
1,무안군 두레미마을회관 민박,PENSION,전남 무안군 일로읍 복용리 1112-1번지,34.8161909,126.4630016,144729.0
2,무안군 가람휘 황토골 민박,BNB,전남 무안군 해제면 창매리 859-38,35.062268,126.2903428,49480.0
10,금수강산 민박 (홀통해수욕장 옆),BNB,전남 무안군 현경면 오류리 4구,35.0465118,126.3679278,97723.0
10,구로펜션,PENSION,전남 무안군 청계면 구로리 669번지,34.9189041,126.396179,81642.0
6,참새골 황토펜션,BNB,전남 무안군 해제면 창매리 859-32번지,34.9480481,126.4246513,56902.0
7,조선비취모텔,MOTEL,전남 무안군 삼향읍 남악리 2034번지,34.8197406,126.4768365,121226.0
6,장미모텔,HOSTEL,전남 무안군 무안읍 성남리 28,34.98838,126.4775713,89064.0
6,우강파크호텔,HAPPYHOTEL,전남 무안군 무안읍 성동리 838-1,34.988716,126.4796268,110093.0
10,샵모텔,MOTEL,전남 무안군 무안읍 성남리 78번지,34.9880911,126.4745577,50717.0
4,백제모텔,HOSTEL,전남 무안군 무안읍 성남리 187-1,34.9863219,126.4763576,39584.0
11,백악관호텔,MOTEL,전남 무안군 무안읍 성동리 621-5번지,34.9921213,126.481096,63087.0
4,무안국제호텔,HOTEL,전남 무안군 망운면 목동리 450-7번지,35.0140851,126.3934563,43295.0
1,더비취모텔,MOTEL,전남 무안군 삼향읍 남악리 2037번지,34.8194045,126.4767059,91538.0
5,대림장,MOTEL,전남 무안군 무안읍 성동리 830-5번지,34.9880995,126.4790629,39584.0
5,뉴청계모텔,MOTEL,전남 무안군 청계면 도림리 687-10번지,34.9085276,126.4252293,65561.0
6,OK모텔,MOTEL,전남 순천시 조례동  950-4번지,34.9602217,127.5262074,32162.0
1,해운장모텔,MOTEL,전남 목포시 영해동1가  10-5번지,34.7863633,126.3863974,82879.0
9,한라장,MOTEL,전남 목포시 남교동 53-21번지,34.7947484,126.3819866,61850.0
11,두바이,MOTEL,전남 목포시 용당동 1103-8번지,34.8050751,126.3993822,87827.0
10,하인모텔,MOTEL,전남 목포시 옥암동  1010-2번지,34.8055474,126.431796,37110.0
4,하이텔모텔,MOTEL,전남 목포시 죽교동  620-109번지,34.8028919,126.3674905,79168.0
5,하이모텔,MOTEL,전남 목포시 해안동  3-1번지,34.7825304,126.3830477,110093.0
3,필모텔,MOTEL,전남 목포시 옥암동  1139-20번지,34.8102025,126.4298378,101434.0
4,프리텔,HOSTEL,전남 목포시 대안동  4-2,34.7930736,126.3853307,105145.0
7,프로포즈모텔,MOTEL,전남 목포시 상동 861-2번지,34.8069307,126.4240023,141018.0
11,프라도호텔,MOTEL,전남 목포시 상동  1010-4번지,34.8016702,126.4295157,43295.0
12,포시즌모텔,MOTEL,전남 목포시 상동  127-3번지,34.8109052,126.4172222,122463.0
10,팔팔장(88장),MOTEL,전남 목포시 용당동 960-342번지,34.8028976,126.3943105,133596.0
1,파라오모텔,MOTEL,전남 목포시 상동  1124-4번지,34.799262,126.4315989,61850.0
11,테크노모텔,MOTEL,전남 목포시 상동  1009-3번지,34.801959,126.4297629,123700.0
12,크리스탈모텔,MOTEL,전남 목포시 옥암동  1014-3번지,34.8055059,126.4328848,142255.0
12,퀸모텔,MOTEL,전남 목포시 상동  1144-4번지,34.7974012,126.4333154,110093.0
1,콘티넨탈호텔,HAPPYHOTEL,전남 목포시 죽교동  538-15번지,34.801756,126.3732262,131122.0
12,엠유모텔(MU),MOTEL,전남 목포시 옥암동 1012-5번지,34.8062391,126.4326876,51954.0
4,호테리아캐슬,MOTEL,전남 목포시 상동  1005번지,34.8023284,126.4279659,87827.0
2,칼모텔,HOSTEL,전남 목포시 상동  1010-1,34.8019201,126.4293379,25977.0
4,카이저모텔,MOTEL,전남 목포시 상동  1005-2번지,34.8019673,126.4304982,61850.0
10,카라모텔,MOTEL,전남 목포시 죽교동 536-9번지,34.8016949,126.3692682,43295.0
12,첼리모텔,MOTEL,전남 목포시 옥암동  1092-5번지,34.8016479,126.436704,48243.0
3,청학동모텔,MOTEL,전남 목포시 죽교동 536-85번지,34.8012949,126.3698071,133596.0
1,지중해,MOTEL,전남 목포시 상동  1145-6번지,34.7970484,126.4319266,102671.0
7,유토피아가족관광호텔,HOTEL,전남 목포시 상동 1145번지,34.7969762,126.4319599,106382.0
8,유달장,MOTEL,전남 목포시 용당동 1088-11번지,34.8062389,126.400771,138544.0
11,윈저호텔,MOTEL,전남 목포시 상동  1115-14번지,34.7974317,126.4268438,72983.0
8,워커힐비치,MOTEL,전남 목포시 상동  845-10번지,34.8074195,126.4219635,24740.0
5,워싱턴 모텔,MOTEL,전남 목포시 상동  1144-10번지,34.7972262,126.4328988,56902.0
5,와모텔,MOTEL,전남 목포시 상동 189-4번지,34.8123716,126.4167723,66798.0
3,오페라모텔,MOTEL,전남 목포시 상동  859번지,34.808286,126.4237856,117515.0
9,오렌지모텔,MOTEL,전남 목포시 상동  859-2번지,34.8161909,126.4630016,38347.0
9,엠보스모텔,MOTEL,전남 목포시 옥암동  997-2번지,34.8043449,126.4293601,29688.0
2,알프스장,MOTEL,전남 목포시 용당동 1088-2번지,34.8061639,126.4005404,133596.0
1,아비숑모텔,MOTEL,전남 목포시 상동 864-2번지,34.8080721,126.4242994,137307.0
1,아미가모텔,MOTEL,전남 목포시 상동 1033-1번지,34.8003258,126.429824,59376.0
4,아모르모텔,MOTEL,전남 목포시 상동  1010번지,34.8020451,126.4291714,85353.0
4,아담과이브2,MOTEL,전남 목포시 상동  1122-10번지,34.7983344,126.4294547,50717.0
12,아담과이브1,MOTEL,전남 목포시 상동  1122-10번지,34.7984788,126.4293491,37110.0
7,씨사이드모텔,MOTEL,전남 목포시 해안동3가  1-8번지,34.7825304,126.3830477,128648.0
7,신보문장,MOTEL,전남 목포시 상동 175-9번지,34.8122744,126.4170917,56902.0
8,신도심모텔,MOTEL,전남 목포시 상동 1035-3번지,34.7997592,126.4298324,141018.0
5,1004호텔,HOTEL,목포시 축복동2가  3번지2,34.7876799,126.3966683,117515.0
8,시애틀모텔,MOTEL,전남 목포시 상동 1035번지,34.7996037,126.429499,90301.0
4,스카이모텔,MOTEL,전남 목포시 상동  870번지,34.805192,126.4259577,45769.0
2,스위트모텔,MOTEL,전남 목포시 죽교동 536-84번지,34.8013338,126.3696904,139781.0
5,소렌토모텔,MOTEL,전남 목포시 상동  1031-6번지,34.8006314,126.4309212,116278.0
10,세느강,MOTEL,전남 목포시상동  1144-6번지,34.7969568,126.4331098,63087.0
4,선샤인모텔,MOTEL,전남 목포시 상동  1144번지,34.7971457,126.4326877,84116.0
10,샤르망호텔,HAPPYHOTEL,전남 목포시 상동  877-1번지,34.8042865,126.4265993,94012.0
9,샤모텔,MOTEL,전남 목포시 상동 1115-12번지,34.7969207,126.4264188,42058.0
3,삼미모텔,MOTEL,전남 고흥군 도양읍 봉암리 2782번지,34.5277291,127.1334757,61850.0
7,삼광모텔,MOTEL,전남 목포시 남교동  88-130번지,34.7945734,126.3828699,42058.0
3,빅토리아모텔,MOTEL,전남 목포시 상동 1009-4번지,34.8020839,126.4296685,116278.0
10,비즈니스모텔,MOTEL,전남 목포시 상동 1035-4번지,34.7998315,126.4300046,89064.0
5,블루힐모텔,MOTEL,전남 목포시 상동 1125-5번지,34.8000676,126.4330543,95249.0
1,부림모텔,MOTEL,전남 목포시 호남동 12-42번지,34.7896963,126.3890165,28451.0
3,부곡장,MOTEL,전남 목포시 용당동 1109-5번지,34.8049113,126.3990101,126174.0
9,봉성,MOTEL,전남 목포시 남교동 41번지,34.7944263,126.3800868,79168.0
1,보보스호텔,MOTEL,전남 목포시 상동  1034-6번지,34.8002203,126.4294601,133596.0
8,호텔베니스,HAPPYHOTEL,전남 목포시 죽교동  538-123번지,34.8024753,126.3679711,45769.0
2,베네치아호텔,HAPPYHOTEL,전남 목포시 상동 1115-8번지,34.7972956,126.4272021,65561.0
5,발리모텔,MOTEL,전남 목포시 상동 1145-9번지,34.796979,126.4319627,59376.0
3,미루모텔,MOTEL,전남 목포시 상동 1144-3번지,34.7973234,126.4331071,94012.0
4,문화장,MOTEL,전남 목포시 용당동 1095-19번지,34.8063917,126.4018598,116278.0
10,몰디브모텔,MOTEL,전남 목포시 옥암동 1014-5번지,34.8054809,126.4327237,105145.0
5,마카오모텔,MOTEL,전남 목포시 산정동  1808-8번지,34.8026142,126.369121,111330.0
12,마이호텔,MOTEL,전남 목포시 상동 877번지,34.8044809,126.4264577,102671.0
9,마로마모텔,MOTEL,전남 목포시 상동  1010-2번지,34.8017952,126.4294268,122463.0
7,리젠트모텔,MOTEL,전남 목포시 죽교동  620-108번지,34.8029474,126.3673129,82879.0
9,로얄호텔,HAPPYHOTEL,전남 목포시 상동  1115-3번지,34.7973483,126.4266632,30925.0
12,로미오모텔,MOTEL,전남 목포시 상동  1125-9번지,34.7996815,126.4325211,131122.0
3,로데파크모텔,MOTEL,전남 목포시 옥암동  1005-3번지,34.8052475,126.4313683,112567.0
11,동일모텔,MOTEL,전남 목포시 상동 856번지,34.8093526,126.4241161,35873.0
12,동명,MOTEL,전남 목포시 호남동  12-8번지,34.7899435,126.3891554,92775.0
1,대불장모텔,MOTEL,전남 목포시 상동 783번지,34.8119134,126.4205136,123700.0
12,뉴한라장,MOTEL,전남 목포시 산정동 1808-9번지,34.8024531,126.3693043,91538.0
7,뉴조선비치모텔,MOTEL,전남 목포시 죽교동 536-51번지,34.8011476,126.3694127,58139.0
4,뉴월드 모텔,MOTEL,전남 목포시 용당동 1102-6번지,34.805189,126.4005404,25977.0
8,뉴오아시스모텔,MOTEL,전남 목포시 상동 1011-3번지,34.8018785,126.4363587,82879.0
10,뉴에버그린,MOTEL,전남 목포시 상동 1032-2번지,34.8001841,126.4300935,87827.0
10,뉴그랜드 모텔,MOTEL,전남 목포시 죽교동  536-90번지,34.8013338,126.3695071,105145.0
3,뉴골드장,MOTEL,전남 목포시 옥암동  1055-1번지,34.8080806,126.4348652,118752.0
4,노블리스,MOTEL,전남 목포시 상동 858번지,34.8089443,126.4233356,132359.0
1,남도파크모텔,MOTEL,전남 목포시 상동 602-10번지,34.8026366,126.4136671,70509.0
3,나이스호텔,HAPPYHOTEL,전남 목포시 상동  866-5번지,34.8087249,126.4250078,60613.0
6,꿈의궁전모텔,HOSTEL,전남 목포시 상동 189-6,34.8122383,126.4167057,76694.0
4,금탑모텔,MOTEL,전남 목포시 상동  1032-1번지,34.8005508,126.430299,141018.0
11,그린파크,MOTEL,전남 목포시 용당동 1095-20번지,34.8064167,126.4020153,79168.0
3,그리스호텔,HAPPYHOTEL,전남 목포시 상동  865번지,34.8086332,126.4246022,144729.0
9,궁전모텔,MOTEL,전남 목포시 옥암동 1012-6번지,34.8061724,126.4325432,128648.0
1,굿데이호텔,MOTEL,전남 목포시 해안동3가  1-10번지,34.7811388,126.3796698,44532.0
3,국제파크장,MOTEL,전남 목포시 호남동  12-10번지,34.7898213,126.383442,141018.0
5,고려모텔,MOTEL,전남 목포시 해안동2가 2-3번지,34.7823915,126.3819922,27214.0
2,강호장,MOTEL,전남 목포시 산정동 1808-4번지,34.8030031,126.3772809,116278.0
10,갓바위 모텔,MOTEL,전남 목포시 상동 1021-6번지,34.7978872,126.4262188,68035.0
5,500호호텔,MOTEL,전남 목포시 옥암동 1092-4번지,34.8017507,126.4369012,64324.0
11,샹그리아관광비치호텔,HOTEL,전남 목포시 상동 1144-7번지,34.7970901,126.4334182,102671.0
12,담양리조트온천호텔,HOTEL,전남 담양군 금성면 원율리 399번지,35.3654986,127.0256455,85353.0
3,고택 한옥에서,PENSION,전남 담양군 창평면 돌담길  88-9,35.2376297,127.0206358,84116.0
3,황토흙집 펜션,BNB,전남 담양군 대덕면 매산리 8-1,35.2511255,127.0415922,131122.0
12,로드하우스 펜션텔,BNB,전남 담양군 월산면 담장로 548,35.3489527,126.9222686,24740.0
3,강과들,MOTEL,전남 담양군 금성면 대곡리 727번지,35.336988,127.0262345,37110.0
9,가마골펜션,HOSTEL,전남 담양군 용면 용연리 236,35.4223811,127.031469,95249.0
5,(재)국제청소년교육재단,HOSTEL,전남 담양군 수북면 한수동로 872,35.3164286,126.8945491,121226.0
11,국제청소년수련원,HOSTEL,전남 담양군 수북면 대방리 산76,35.3157009,126.8993319,123700.0
9,추월산장민박,PENSION,전남 담양군 용면 월계리 167번지,35.3829326,126.9692998,60613.0
11,추월산우리별장,PENSION,전남 담양군 용면 월계길 35-1,35.4046857,126.992662,66798.0
7,우리민박,PENSION,전남 담양군 용면 분통길  47-11,35.4220729,127.0307224,119989.0
8,양지민박,PENSION,전남 담양군 용면 용소길  105,35.4340521,127.0308584,117515.0
3,선한이웃펜션,BNB,전남 담양군 수북면 대방리 941-4,35.322247,126.9116086,91538.0
2,샘골펜션,BNB,전남 담양군 용면 추령로  243-9,35.3782747,126.9742524,122463.0
11,명아원펜션,HOSTEL,전남 담양군 용면 쌍태리 185,35.3793857,126.9751693,96486.0
5,담양 산내음펜션,PENSION,전남 담양군 용면 월계길  11,35.4051302,126.9953172,94012.0
3,담양펜션,HOSTEL,전남 담양군 용면 용치리 468,35.4210506,126.9922175,77931.0
1,초원민박,PENSION,전남 담양군 용면 용소길  164,35.4392459,127.0305916,76694.0
10,수목원민박,PENSION,전남 담양군 용면 추월산로  900-8,35.3957896,126.9999781,108856.0
1,거목민박,PENSION,전남 담양군 용면 가마골로  394,35.4253197,127.0319027,81642.0
8,가마골관광농원민박,PENSION,전남 담양군 용면 용소길  67,35.431569,127.0311028,71746.0
2,다래원,PENSION,전남 담양군 남면 가사문학로 945,35.1853459,127.0093844,105145.0
9,나무늘보,PENSION,전남 담양군 담순로  256,35.3503032,127.0365668,86590.0
2,호텔 베스트,MOTEL,전남 담양군 남면 연천리 52번지,35.1762088,127.0293022,75457.0
1,호텔 갤러리,MOTEL,전남 담양군 담양읍 삼다리 55번지,35.3189619,126.9645651,61850.0
7,파레스모텔,MOTEL,전남 담양군 담양읍 양각리 35-1번지,35.3287466,126.9729393,84116.0
11,파라다이스 모텔,MOTEL,전남 담양군 금성면 덕성리 843-4번지,35.3499339,127.0538348,131122.0
12,창평모텔,MOTEL,전남 담양군 창평면 창평현로  754,35.2423542,127.0242854,107619.0
9,성림모텔,MOTEL,전남 담양군 담양읍 지침리 110번지,35.3161818,126.9845801,103908.0
8,서라벌모텔,MOTEL,전남 담양군 대전면 대치리 672번지,35.2805824,126.886725,132359.0
3,럭키하우스,HAPPYHOTEL,전남 담양군 남면 연천리 55번지(광주댐),35.1768476,127.0304021,123700.0
12,그린파크텔,HAPPYHOTEL,전남 담양군 담양읍 미리산길  3,35.3088993,126.9856605,119989.0
10,그린모텔,MOTEL,전남 담양군 창평면 오강리 370-1번지,35.2292305,127.0068204,40821.0
10,중흥골드스파리조트,CONDO,전남 나주시 남평읍 우산리 2356-4번지,34.9801774,126.887068,141018.0
12,새싹촌민박,PENSION,전남 나주시 공산면 신곡리 341번지,34.9843449,126.5938334,92775.0
12,전운례한옥민박,PENSION,전남 나주시 다도면 풍산리 71번지,35.001233,126.8230605,61850.0
11,도래마을(한옥민박),PENSION,전남 나주시 다도면 풍산리 226-1번지,35.0014186,126.8205412,60613.0
4,도래마을(한옥민박),PENSION,전남 나주시 다도면 풍산리 210번지,34.9977778,126.8215383,91538.0
6,도래마을(한옥민박),PENSION,전남 나주시 다도면 풍산리 194번지,34.9974945,126.8226771,116278.0
3,홍준석한옥민박,PENSION,전남 나주시 다도면 풍산리 15번지,35.0043381,126.8219078,60613.0
12,홍기축한옥민박,PENSION,전남 나주시 다도면 풍산리 12번지,35.0044631,126.8221882,111330.0
7,나주 금강정민박,PENSION,전남 나주시 공산면 신곡리 427번지,34.9842143,126.5943889,77931.0
11,공산펜션,BNB,전남 나주시 공산면 신곡리 665,34.9760458,126.5923439,105145.0
7,허니문,MOTEL,전남 나주시 송월동 1094-6번지,35.0170863,126.712895,65561.0
12,해랑모텔,MOTEL,전남 나주시 왕곡면 장산리 412-3번지,34.9816485,126.7038405,63087.0
10,하이텔모텔,MOTEL,전남 나주시 송월동 1093-2번지,35.0170557,126.7120395,85353.0
1,파도소리모텔,MOTEL,전남 나주시 남평읍 남평리 178-3번지,35.0459198,126.847627,108856.0
12,유성각,MOTEL,전남 나주시 남내동 108-6번지,35.0313513,126.719397,119989.0
1,영신장,MOTEL,전남 나주시 중앙동 17-2번지,35.0388329,126.7195998,72983.0
9,힐모텔,MOTEL,전남 나주시 송월동 1097-2번지,35.0144977,126.7135838,118752.0
6,신세계모텔,MOTEL,전남 나주시 성북동 107번지,35.036398,126.7228995,81642.0
3,Q모텔,MOTEL,전남 나주시 청동 391-2번지,35.0524657,126.7298377,97723.0
8,송림파크장,MOTEL,전남 나주시 남평읍 우산리 1406번지,34.9785997,126.8766643,117515.0
6,부영온천장,MOTEL,전남 나주시 영산동 248-2번지,35.0005214,126.7111925,90301.0
5,백궁각,MOTEL,전남 나주시 석현동 32-4번지,35.0552571,126.7394201,58139.0
8,밀라노모텔,MOTEL,전남 나주시 석현동 33-5번지,35.0553182,126.7401785,91538.0
5,모텔리치,MOTEL,전남 나주시 대호동 330-4번지,35.0505631,126.7258991,61850.0
3,쇼모텔,MOTEL,전남 나주시 송월동 1097-8번지,35.0145171,126.71332,117515.0
7,대주모텔,MOTEL,전남 나주시 삼영동 155-7번지,35.0079203,126.7075428,141018.0
9,꿈의궁전,MOTEL,전남 나주시 남평읍 남평리 184번지,35.0454781,126.8401827,92775.0
3,금화장여관,MOTEL,전남 나주시 금천면 오강리 213-7번지,35.0349094,126.7564494,60613.0
8,강변장여관,MOTEL,전남 나주시 남평읍 남평리 2-11번지,35.0479807,126.8448609,105145.0
3,화엄각,MOTEL,전남 구례군 마산면 황전리 521-5번지,35.2424706,127.4894002,47006.0
7,지리산파크장,BNB,전남 구례군 마산면 황전리 521-3번지,35.2465366,127.4893419,103908.0
10,지리산 산사랑펜션,BNB,전남 구례군 마산면 황전리 402번지,35.2398792,127.4917631,89064.0
7,전망 좋은 집,BNB,전남 구례군 토지면 외곡리 837-3,35.204208,127.6006825,45769.0
2,장씨네 펜션,BNB,전남 구례군 문척면 죽마리 280,35.1860046,127.4739243,42058.0
12,숲속의 아침,BNB,전남 구례군 토지면 외곡리 837,35.2030562,127.6009853,50717.0
11,솔밭이 보이는 풍경,BNB,전남 구례군 토지면 외곡리 837-2,35.2086805,127.6015074,108856.0
10,지리산 온천관광호텔,HOTEL,전남 구례군 산동면 관산리 522번지,35.3187258,127.463377,122463.0
11,제일온천호텔,MOTEL,전남 구례군 산동면 관산리 714-1번지,35.3175953,127.4602605,113804.0
5,월등파크호텔,MOTEL,전남 구례군 마산면 황전리 546-6번지,35.252064,127.4867727,91538.0
2,노고단 관광온천,MOTEL,전남 구례군 산동면 관산리 722-1번지,35.3160649,127.4597661,121226.0
7,그랜드호텔,MOTEL,전남 구례군 산동면 관산리 711-2번지,35.3172037,127.463432,64324.0
10,칠성민박,PENSION,전남 구례군 마산면 황전리 416-1번지,35.2396626,127.4875088,55665.0
4,지리산전통한옥민박,PENSION,전남 구례군 마산면 냉천리 277-2번지,35.2222613,127.4795568,60613.0
5,왕실봉민박,PENSION,전남 구례군 토지면 내서리 836-5번지,35.2448791,127.5896165,70509.0
7,선암대민박,PENSION,전남 구례군 토지면 문수리 90-1번지,35.2525669,127.530966,28451.0
5,샘골민박,PENSION,전남 구례군 마산면 황전리 516번지,35.2410874,127.4889531,58139.0
4,배나무골민박,PENSION,전남 구례군 간전면 중대리 365번지,35.1488206,127.6002664,94012.0
10,반야봉산장,PENSION,전남 구례군 토지면 내동리 1155-2번지,35.2664851,127.583403,95249.0
11,몬댕이민박,PENSION,전남 구례군 간전면 금산리 103번지,35.1101802,127.5471797,29688.0
4,노고단산장,PENSION,전남 구례군 토지면 내동리 1194-1번지,35.2661795,127.5835113,115041.0
5,구례 우종회관 민박,PENSION,전남 구례군 토지면 외곡리 303번지,35.2167769,127.6068597,71746.0
3,구례 쌍산재민박,PENSION,전남 구례군 마산면 사도리 632번지,35.2157708,127.4995407,138544.0
2,구례 산책민박,PENSION,전남 구례군 마산면 황전리 263번지,35.2350714,127.4892198,139781.0
3,구례 산오름민박,PENSION,전남 구례군 마산면 황전리 842-17번지,35.2385238,127.4874143,136070.0
1,구례 당치산장 민박,PENSION,전남 구례군 토지면 내동리 137-1번지,35.2577334,127.5999849,122463.0
10,계곡식당민박,PENSION,전남 구례군 산동면 좌사리 10-5번지,35.2663184,127.5800949,103908.0
2,감나무집민박,PENSION,전남 구례군 구례읍 계산리 691번지,35.2096349,127.4137702,123700.0
10,지리산신선호텔,MOTEL,전남 구례군 산동면 관산리 721번지,35.3157261,127.4590246,112567.0
2,지리산호텔,HOTEL,전남 구례군 산동면 관산리 711-3번지,35.316951,127.4650428,75457.0
11,지리산 워커힐 모텔,MOTEL,전남 구례군 마산면 황전리 158-4번지,35.2372596,127.4877421,77931.0
12,온천모텔,MOTEL,전남 구례군 구례읍 봉동리 178-1번지,35.211099,127.4721548,69272.0
4,샤롯데모텔,MOTEL,전남 구례군 마산면 황전리 158-2번지,35.2329772,127.4878588,85353.0
1,동경장 호텔,HOTEL,전남 구례군 구례읍 봉동길  11-8,35.2098463,127.4690468,129885.0
11,그리스모텔,MOTEL,전남 구례군 구례읍 봉동리 173-11번지,35.2107935,127.4728881,100197.0
12,지리산가족호텔,HOSTEL,전남 구례군 산동면 대평리 729,35.3213394,127.4626325,28451.0
3,남일호텔,MOTEL,전남 광양시 광양읍 칠성리 440-2번지,34.9746261,127.5833192,61850.0
2,황토민박,PENSION,전남 광양시 옥룡면 동곡리 842번지,35.1003621,127.599253,24740.0
10,먹뱅이흙집,PENSION,전남 광양시 옥룡면 동곡리 638번지,35.0768147,127.6029112,138544.0
9,호문황토방모텔,MOTEL,전남 광양시 중동  1425-2번지,34.9449744,127.6877604,132359.0
1,피카소모텔,MOTEL,전남 광양시 광양읍 덕례리 1768-7번지,34.9672129,127.5661847,144729.0
2,초이스모텔,MOTEL,전남 광양시 마동  1112-1번지,34.9508849,127.6963347,28451.0
4,코지모텔,MOTEL,전남 광양시 중동  1645-7번지,34.9373808,127.6966153,94012.0
11,알프스모텔,MOTEL,전남 광양시 중동  1649-3번지,34.9366531,127.6957986,69272.0
11,비치모텔,MOTEL,전남 광양시 진월면 망덕리 60-16번지,34.9626005,127.7510381,74220.0
4,벤허모텔,MOTEL,전남 광양시 광양읍 덕례리 1785-9번지,34.9656576,127.5660736,106382.0
1,베니스파크,MOTEL,전남 광양시 광양읍 덕례리 1768-8,34.9669907,127.5661042,75457.0
3,모텔헐리우드,MOTEL,전남 광양시 광양읍 덕례리 1768-5번지,34.9675378,127.5662959,27214.0
7,모텔타히티,MOTEL,전남 광양시 중동  1636-6번지,34.9372142,127.6975041,75457.0
2,모리스호텔,HAPPYHOTEL,전남 광양시 광영동 764-3,34.9723465,127.7167243,63087.0
11,리베라모텔,MOTEL,전남 광양시 중동  1308-10번지,34.9397612,127.6994067,82879.0
8,로비스힐,MOTEL,전남 광양시 마동  1110-1번지,34.9508849,127.6960735,128648.0
5,드림모텔,MOTEL,전남 광양시 광영동 739-4,34.9611756,127.7289401,87827.0
3,그린피아모텔,MOTEL,전남 광양시 광영동 737-2번지,34.9618005,127.7334114,29688.0
6,호텔부루나,HOTEL,전남 광양시 광양읍 인동리 412-1번지,34.9704766,127.5901188,50717.0
2,화이트빌리지,PENSION,전남 곡성군 죽곡면 하한리 977-2,35.1841959,127.3672976,65561.0
11,곡성 섬진강 기차마을펜션,CAMPING,전남 곡성군 오곡면 송정리 55-1번지,35.2402701,127.3689636,82879.0
7,곡성군청소년야영장,HOSTEL,전남 곡성군 고달면 두가리 627-2번지,35.2277493,127.3700053,50717.0
4,태안산장,PENSION,전남 곡성군 죽곡면 원달리 800번지,35.1396589,127.3660618,110093.0
6,제일민박,PENSION,전남 곡성군 오곡면 압록리 419번지,35.2144869,127.3711442,138544.0
2,영시미민박,PENSION,전남 곡성군 오곡면 송정리 150-6번지,35.2356067,127.3674276,25977.0
1,섬진강향기민박,HOSTEL,전남 곡성군 고달면 두가리 607-1,35.2343458,127.3730022,96486.0
2,석곡민박농촌체험장,PENSION,전남 곡성군 석곡면 덕흥리 170-1번지,35.1366562,127.2706653,58139.0
1,샘골,PENSION,전남 곡성군 죽곡면 하한리 631번지,35.1619013,127.3997088,47006.0
8,분수대 민박,PENSION,전남 곡성군 죽곡면 하한리 628-1번지,35.1619013,127.3995421,138544.0
12,문쇠네 민박,PENSION,전남 곡성군 죽곡면 하한리 650-1,35.161343,127.3993976,118752.0
8,모심정 민박,PENSION,전남 곡성군 죽곡면 하한리 926-5번지,35.1915034,127.3775938,34636.0
12,두루빛,HOSTEL,전남 곡성군 죽곡면 하한리 659-1,35.1610737,127.3994504,127411.0
2,나눔터민박,PENSION,전남 곡성군 죽곡면 남양리 217번지,35.1609622,127.3452719,85353.0
4,곡성사슴농장 민박,PENSION,전남 곡성군 오곡면 침곡리 산 8-4번지,35.271672,127.3410908,54428.0
10,곡성 춘하추동민박,PENSION,전남 곡성군 죽곡면 하한리 627-1,35.1619013,127.3993227,147203.0
3,곡성 샘골민박,PENSION,전남 곡성군 입면 제월리 1195-2번지,35.3175302,127.2215593,137307.0
9,곡성 물안개쉼터 민박,PENSION,전남 곡성군 고달면 두가리 620-1번지,35.2297713,127.3716106,121226.0
2,곡성 나루터가든 민박,PENSION,전남 곡성군 고달면 두가리 1구 625번지,35.2379622,127.3927615,58139.0
12,필모텔,MOTEL,전남 곡성군 곡성읍 장선리 108-8번지,35.3028988,127.2996052,80405.0
6,코리아모텔,MOTEL,전남 곡성군 겸면 평장리 69-1번지,35.2695268,127.1504103,124937.0
10,종명장모텔,MOTEL,전남 곡성군 석곡면 석곡리 303번지,35.1306124,127.2532913,53191.0
10,보성강모텔,MOTEL,전남 곡성군 목사동면 대곡리 1476-71번지,35.1098202,127.2489804,95249.0
1,리버사이드모텔,MOTEL,전남 곡성군 오곡면 압록리 1-13번지,35.19745,127.3746579,98960.0
6,대원장,MOTEL,전남 곡성군 석곡면 석곡리 95번지,35.1327205,127.2544162,96486.0
4,그랑프리,MOTEL,전남 곡성군 곡성읍 읍내리 296-7번지,35.2800625,127.294467,137307.0
10,행운민박,PENSION,전남 고흥군 봉래면 외초리 22-1번지,34.4252173,127.4968394,32162.0
5,해변민박,PENSION,전남 고흥군 영남면 남열리 1156-1번지,34.5799417,127.4789453,116278.0
8,창포민박,PENSION,전남 고흥군 봉래면 예내리 761번지,34.4689458,127.506455,50717.0
1,정다운민박,PENSION,전남 고흥군 봉래면 외초리 73-1번지,34.4173348,127.4929426,106382.0
1,장예민박,PENSION,전남 고흥군 도양읍 용정리 2121번지,34.5665552,127.1232236,51954.0
8,신흥민박,PENSION,전남 고흥군 봉래면 신금리 506-2번지,34.4700927,127.4672167,69272.0
6,동근민박,PENSION,전남 고흥군 금산면 어전리 368번지,34.434384,127.1494111,103908.0
2,금강산민박,PENSION,전남 고흥군 봉래면 예내리 656번지,34.4556557,127.512599,123700.0
3,고흥 도화헌민박,PENSION,전남 고흥군 도화면 구암리 70-1번지,34.4489054,127.3266984,94012.0
4,거금도민박,PENSION,전남 고흥군 금산면 어전리 436번지,34.4316204,127.1456781,91538.0
4,가든빌민박,PENSION,전남 고흥군 봉래면 신금리 644-1번지,34.46949,127.463992,123700.0
7,LAVA(라바)모텔,MOTEL,전라남도 고흥군 도양읍 녹동신항1길  34,34.5244156,127.1446053,98960.0
6,BM모텔,MOTEL,전라남도 고흥군 도양읍 녹동신항1길  28,34.5244211,127.1437637,81642.0
8,하얀노을호텔,PENSION,전라남도 고흥군 동일면 와다리길  3,34.4802221,127.459259,113804.0
12,진영각모텔,MOTEL,전라남도 고흥군 과역면 송학큰길  43-35,34.6795217,127.3609909,91538.0
2,진보각여관,MOTEL,전남 고흥군 봉래면 신금리 1000-13번지,34.4713729,127.4544483,34636.0
1,썬비치 호텔,MOTEL,전라남도 고흥군 도양읍 비봉로  185,34.5251071,127.1362422,37110.0
7,썬모텔,MOTEL,전라남도 고흥군 고흥읍 고흥로  1717,34.6066016,127.2826371,82879.0
5,스텔스모텔,MOTEL,전라남도 고흥군 고흥읍 봉남봉동길  17,34.6071072,127.2870924,24740.0
4,스카이모텔,MOTEL,전라남도 고흥군 도양읍 녹동신항1길  36,34.5244239,127.1447886,76694.0
8,녹원장,MOTEL,전라남도 고흥군 도양읍 비봉로 119,34.5301011,127.136306,79168.0
4,빅토리아호텔,HOTEL,전라남도 고흥군 도화면 천마로  2736-29,34.4907982,127.3532375,106382.0
7,자연이 좋은 사람들,PENSION,전남 강진군 성전면 월남리 725-1번지,34.7402644,126.7101962,143492.0
7,허브정원펜션,BNB,전남 강진군 성전면 월남리  905번지,34.7422614,126.7136357,127411.0
7,월오황토가민박,PENSION,전남 강진군 성전면 월남리 930번지,34.7453367,126.7141829,90301.0
10,엄지민박,PENSION,전남 강진군 옴천면 영산리 158-3번지,34.7594709,126.7733554,102671.0
10,목장민박,PENSION,전남 강진군 성전면 송월리 874-7번지,34.7097817,126.6972458,90301.0
3,대명민박,PENSION,전남 강진군 성전면 송월리 1046번지,34.7065347,126.6946043,40821.0
12,다산명가(다산초당마을),PENSION,전남 강진군 도암면 만덕리 337번지,34.5792853,126.7472423,84116.0
1,강진 혜진민박,PENSION,전남 강진군 성전면 송월리 902번지,34.7083013,126.6967902,79168.0
1,강진 월각민박,PENSION,전남 강진군 성전면 송월리 1081번지,34.705898,126.6972236,132359.0
6,강진 알뜰수퍼 민박,PENSION,전남 강진군 도암면 만덕리 360-11번지,34.5744997,126.7463201,92775.0
9,강진 송학민박,PENSION,전남 강진군 도암면 학장리 13-9번지,34.5605536,126.7676629,128648.0
10,강진 들꽃민박,PENSION,전남 강진군 도암면 만덕리 365-5번지,34.5750664,126.7466368,85353.0
12,강진 다향소축,PENSION,전남 강진군 도암면 다산초당1길 7-5,34.5785577,126.7557494,90301.0
2,강진 남해댁민박,PENSION,전남 강진군 성전면 송월리 970-1번지,34.7053183,126.6974569,64324.0
6,강진 경포대산장 민박,PENSION,전남 강진군 성전면 월남리 1166-1번지,34.745425,126.7100555,49480.0
5,플라워모텔,MOTEL,전남 강진군 강진읍 남성리 23-32번지,34.6376512,126.7695678,25977.0
6,테마모텔,MOTEL,전남 강진군 마량면 마량리 939번지,34.4511833,126.8217445,56902.0
3,탑모텔,MOTEL,전남 강진군 강진읍 남성리 50-26번지,34.63829,126.7730646,143492.0
9,제일장,MOTEL,전남 강진군 성전면 성전리 758-6번지,34.6916532,126.7174739,141018.0
3,수인성,MOTEL,전남 강진군 강진읍 남성리 5-21번지,34.6382651,126.7766081,55665.0
7,부성파크모텔,MOTEL,전남 강진군 강진읍 남성리 23-12번지,34.637779,126.76964,112567.0
4,보금모텔,MOTEL,전남 강진군 강진읍 남성리 163-5번지,34.6394149,126.7673595,115041.0
8,벨라지오 모텔,MOTEL,전남 강진군 강진읍 남성리 26-28번지,34.6378373,126.7716592,87827.0
1,백제장,MOTEL,전남 강진군 강진읍 남성리 23-7번지,34.6367179,126.7706176,65561.0
7,바다모텔,MOTEL,전남 강진군 마량면 마량리 987-78번지,34.4505362,126.817551,75457.0
11,모텔 파파야,MOTEL,전남 강진군 강진읍 서성리 10-10번지,34.638776,126.7671652,85353.0
12,모란모텔,MOTEL,전남 강진군 강진읍 남성리 34-1번지,34.6391565,126.7674345,24740.0
2,모두모텔,MOTEL,전남 강진군 강진읍 남성리 40-1번지,34.6394426,126.7714416,113804.0
3,프린스호텔,HAPPYHOTEL,전남 강진군 강진읍 남성리 24-11번지,34.6372928,126.7712703,68035.0
9,금호모텔,MOTEL,전남 강진군 마량면 마량리 987-101번지,34.4498389,126.8178454,50717.0
8,금산장,MOTEL,전남 강진군 강진읍 남성리 25-4번지,34.639026,126.7716453,92775.0
7,그린모텔,MOTEL,전남 강진군 강진읍 남성리 24-22번지,34.6377928,126.770701,118752.0
6,가필드호텔,HOTEL,전남 강진군 강진읍 남성리 23-13번지,34.6378512,126.7697621,55665.0
